,,,,,,,,,,,,,,,,,,,,,,,,,,,,,,,,,,,,,,,,,,,,,,,,,,,,,,,,,,,,,,,,,,,,,,,,,,,,,,,,,,,,,,,,,,,,,,,,,,,,,,,,,,,,,,,,,,,,,,,,,,,,,,,,,,,,,,,,,,,,,,,
Theme: Economy,,,,,,,,,,,,,,,,,,,,,,,,,,,,,,,,,,,,,,,,,,,,,,,,,,,,,,,,,,,,,,,,,,,,,,,,,,,,,,,,,,,,,,,,,,,,,,,,,,,,,,,,,,,,,,,,,,,,,,,,,,,,,,,,,,,,,,,,,,,,,,,
Subject: Balance of Payments (BOP),,,,,,,,,,,,,,,,,,,,,,,,,,,,,,,,,,,,,,,,,,,,,,,,,,,,,,,,,,,,,,,,,,,,,,,,,,,,,,,,,,,,,,,,,,,,,,,,,,,,,,,,,,,,,,,,,,,,,,,,,,,,,,,,,,,,,,,,,,,,,,,
"Topic: Singapore's Balance of Payments (BOP)",,,,,,,,,,,,,,,,,,,,,,,,,,,,,,,,,,,,,,,,,,,,,,,,,,,,,,,,,,,,,,,,,,,,,,,,,,,,,,,,,,,,,,,,,,,,,,,,,,,,,,,,,,,,,,,,,,,,,,,,,,,,,,,,,,,,,,,,,,,,,,,
"Table Title: Singapore's Balance Of Payments, (BPM6 Format), Quarterly",,,,,,,,,,,,,,,,,,,,,,,,,,,,,,,,,,,,,,,,,,,,,,,,,,,,,,,,,,,,,,,,,,,,,,,,,,,,,,,,,,,,,,,,,,,,,,,,,,,,,,,,,,,,,,,,,,,,,,,,,,,,,,,,,,,,,,,,,,,,,,,
,,,,,,,,,,,,,,,,,,,,,,,,,,,,,,,,,,,,,,,,,,,,,,,,,,,,,,,,,,,,,,,,,,,,,,,,,,,,,,,,,,,,,,,,,,,,,,,,,,,,,,,,,,,,,,,,,,,,,,,,,,,,,,,,,,,,,,,,,,,,,,,
Data last updated: 24/11/2021,,,,,,,,,,,,,,,,,,,,,,,,,,,,,,,,,,,,,,,,,,,,,,,,,,,,,,,,,,,,,,,,,,,,,,,,,,,,,,,,,,,,,,,,,,,,,,,,,,,,,,,,,,,,,,,,,,,,,,,,,,,,,,,,,,,,,,,,,,,,,,,
Source: SINGAPORE DEPARTMENT OF STATISTICS,,,,,,,,,,,,,,,,,,,,,,,,,,,,,,,,,,,,,,,,,,,,,,,,,,,,,,,,,,,,,,,,,,,,,,,,,,,,,,,,,,,,,,,,,,,,,,,,,,,,,,,,,,,,,,,,,,,,,,,,,,,,,,,,,,,,,,,,,,,,,,,
,,,,,,,,,,,,,,,,,,,,,,,,,,,,,,,,,,,,,,,,,,,,,,,,,,,,,,,,,,,,,,,,,,,,,,,,,,,,,,,,,,,,,,,,,,,,,,,,,,,,,,,,,,,,,,,,,,,,,,,,,,,,,,,,,,,,,,,,,,,,,,,
,,,,,,,,,,,,,,,,,,,,,,,,,,,,,,,,,,,,,,,,,,,,,,,,,,,,,,,,,,,,,,,,,,,,,,,,,,,,,,,,,,,,,,,,,,,,,,,,,,,,,,,,,,,,,,,,,,,,,,,,,,,,,,,,,,,,,,,,,,,,,,,Million Dollars
Data Series,2021 3Q,2021 2Q,2021 1Q,2020 4Q,2020 3Q,2020 2Q,2020 1Q,2019 4Q,2019 3Q,2019 2Q,2019 1Q,2018 4Q,2018 3Q,2018 2Q,2018 1Q,2017 4Q,2017 3Q,2017 2Q,2017 1Q,2016 4Q,2016 3Q,2016 2Q,2016 1Q,2015 4Q,2015 3Q,2015 2Q,2015 1Q,2014 4Q,2014 3Q,2014 2Q,2014 1Q,2013 4Q,2013 3Q,2013 2Q,2013 1Q,2012 4Q,2012 3Q,2012 2Q,2012 1Q,2011 4Q,2011 3Q,2011 2Q,2011 1Q,2010 4Q,2010 3Q,2010 2Q,2010 1Q,2009 4Q,2009 3Q,2009 2Q,2009 1Q,2008 4Q,2008 3Q,2008 2Q,2008 1Q,2007 4Q,2007 3Q,2007 2Q,2007 1Q,2006 4Q,2006 3Q,2006 2Q,2006 1Q,2005 4Q,2005 3Q,2005 2Q,2005 1Q,2004 4Q,2004 3Q,2004 2Q,2004 1Q,2003 4Q,2003 3Q,2003 2Q,2003 1Q,2002 4Q,2002 3Q,2002 2Q,2002 1Q,2001 4Q,2001 3Q,2001 2Q,2001 1Q,2000 4Q,2000 3Q,2000 2Q,2000 1Q,1999 4Q,1999 3Q,1999 2Q,1999 1Q,1998 4Q,1998 3Q,1998 2Q,1998 1Q,1997 4Q,1997 3Q,1997 2Q,1997 1Q,1996 4Q,1996 3Q,1996 2Q,1996 1Q,1995 4Q,1995 3Q,1995 2Q,1995 1Q,1994 4Q,1994 3Q,1994 2Q,1994 1Q,1993 4Q,1993 3Q,1993 2Q,1993 1Q,1992 4Q,1992 3Q,1992 2Q,1992 1Q,1991 4Q,1991 3Q,1991 2Q,1991 1Q,1990 4Q,1990 3Q,1990 2Q,1990 1Q,1989 4Q,1989 3Q,1989 2Q,1989 1Q,1988 4Q,1988 3Q,1988 2Q,1988 1Q,1987 4Q,1987 3Q,1987 2Q,1987 1Q,1986 4Q,1986 3Q,1986 2Q,1986 1Q
D  Overall Balance (A-B+C),"30,068.1","21,668.7","32,229.6","36,791.3","14,253.2","45,276.2","6,995.8","3,530.8","4,141.1","-32,021.5","12,906.8","-3,909.6","6,221.7","7,779.7","6,832.7","5,583.5","11,200.7","4,443.2","16,613.8","-3,926.7","5,434.4","4,757.3","-8,720.3",-354.3,479.4,"2,686.5","-1,310.9",110.5,"3,405.2","4,654.5",447.6,"7,677.7",949.6,"5,385.6","8,718.0","13,542.4","7,849.3","4,842.5","6,371.7",-300.5,"10,087.4","5,465.5","6,235.3","16,476.9","6,271.9","13,686.6","21,045.1","11,981.8","7,020.8","1,031.1","-3,577.5","4,416.7","-2,141.2","4,290.6","11,965.0","12,614.9","6,031.4","9,136.0","1,515.3","9,486.6","4,005.8","5,115.5","8,387.8","4,347.4","1,290.4","9,980.8","4,778.1","8,690.7",818.9,304.3,"10,655.0","2,927.5","5,076.3","2,913.9",856.8,-436.5,932.7,221.6,"1,568.4","3,957.7","-2,230.4","-4,384.8","1,054.2","3,760.9","4,393.9","5,859.5","-2,170.8","2,942.7",-6.0,"4,799.4",-414.9,"2,565.5",865.7,"1,209.5",339.9,"1,188.0","2,903.1","1,679.0","6,085.6","3,075.9","2,719.8","2,823.4","1,787.5","2,211.1","2,258.4","5,719.5","1,984.9","1,174.1","3,217.5","1,159.4","1,750.7","3,744.2","3,262.1","2,888.9","2,258.5","2,145.1","2,354.2","3,685.5","1,774.2","1,991.1","2,497.7","2,276.7",497.3,"1,683.9","3,694.8","2,401.0","2,112.8","1,221.6","1,727.4","1,500.4",884.8,"1,707.5",92.5,486.0,"1,057.6",925.2,671.8,529.8,201.7,460.1,206.6,508.0,33.9
  A  Current Account Balance,"28,121.6","26,785.4","24,395.0","19,622.6","22,727.9","20,451.9","19,686.4","17,270.4","19,077.1","19,445.1","17,051.7","19,750.8","22,626.1","19,506.0","16,261.5","18,920.8","23,144.9","20,300.5","19,497.3","17,085.7","24,490.2","19,980.4","15,826.8","20,336.2","21,771.6","16,634.2","20,412.5","20,413.4","22,676.0","15,753.2","12,769.4","16,047.4","15,555.5","17,628.8","11,220.6","15,268.6","16,931.2","16,467.9","16,395.5","16,590.2","22,049.4","19,512.5","19,916.4","21,454.3","21,047.0","16,933.5","15,552.7","11,352.9","10,355.1","11,943.3","12,641.8","6,745.9","10,913.6","11,362.9","12,297.4","13,200.9","21,181.3","18,442.8","21,194.2","17,670.5","15,295.4","15,294.5","15,250.7","14,173.8","14,788.2","11,455.1","9,063.3","10,331.3","11,099.9","8,455.2","7,660.8","9,943.6","11,429.5","9,150.8","10,818.3","7,398.2","6,841.4","4,726.4","5,685.0","6,511.3","4,864.4","6,489.1","5,355.7","2,857.1","6,106.7","4,976.7","4,397.5","7,231.7","6,042.8","6,974.3","4,912.3","8,986.5","9,472.4","7,907.8","4,898.7","5,543.6","5,666.5","7,165.4","4,771.3","4,376.8","7,172.2","4,427.9","3,883.7","4,080.1","5,445.6","4,816.8","6,189.9","5,966.5","6,172.7","4,202.9",863.0,"2,070.3","2,487.7",784.7,"1,293.7",-84.4,"3,455.5","2,596.5","3,567.9","3,681.9","2,595.6","2,104.9",37.2,"2,277.0","2,300.2","1,128.4",-9.9,"2,471.2","2,108.6",646.1,582.5,"1,426.3",953.5,909.3,628.9,70.7,110.0,261.5,-659.2,134.5,351.1,792.7,-545.4
    Goods Balance,"37,618.4","37,298.9","31,238.8","30,587.2","34,457.1","33,991.9","30,166.9","32,049.6","33,569.0","36,254.6","30,234.0","37,992.1","36,385.7","33,898.2","28,739.2","35,451.1","35,344.1","34,193.1","34,521.2","30,604.9","33,142.9","31,410.8","29,145.6","32,954.1","30,153.9","30,151.0","34,008.9","30,327.4","30,462.8","26,630.1","22,426.5","26,409.4","24,100.8","26,020.1","22,044.3","21,536.3","25,133.1","23,700.5","23,297.3","23,507.1","24,956.0","22,012.0","24,552.4","24,117.5","23,478.3","21,442.4","17,183.1","19,317.3","18,954.4","17,516.7","13,864.6","10,195.8","15,237.7","15,572.8","17,564.3","17,473.9","25,359.8","21,424.5","23,358.4","23,144.8","20,307.3","19,680.2","20,012.8","23,069.8","21,737.3","18,580.2","15,916.3","18,743.3","18,582.9","16,006.0","15,278.1","17,376.6","17,005.1","14,216.5","15,451.8","12,198.7","10,857.4","8,513.2","8,800.5","10,330.4","8,270.7","9,136.6","9,122.7","6,606.8","8,125.5","6,566.3","5,878.7","8,624.6","6,174.6","7,143.0","5,322.6","8,129.6","7,988.4","6,654.5","3,844.3","4,426.0","4,117.4","5,254.6","2,881.3","3,933.0","5,600.0","3,663.3","2,780.8","3,450.4","4,114.7","3,231.3","4,046.1","2,011.5","1,521.9",570.9,"-2,136.8","-1,260.4",-234.5,"-1,532.9","-1,462.7","-1,780.9",108.5,-985.5,-389.9,597.6,176.1,-64.2,-978.4,-499.5,-160.2,"-1,232.3","-1,145.3",494.8,96.8,-522.4,-759.4,432.2,-207.2,-127.0,-117.6,-650.1,-403.7,-315.0,"-1,041.1",-554.2,-442.9,-7.6,"-1,044.3"
      Exports Of Goods,"166,157.0","163,259.7","154,092.9","150,170.3","140,673.2","127,702.7","149,402.0","154,984.2","149,908.1","153,877.1","143,301.5","157,102.0","160,572.0","157,101.2","144,275.4","152,086.0","144,167.9","140,306.6","138,520.9","138,900.6","129,094.0","127,570.1","120,037.4","136,183.7","136,164.1","137,023.6","135,365.0","141,653.9","144,338.7","146,206.5","138,752.3","145,339.2","148,262.8","145,807.2","133,668.0","136,472.8","137,657.1","145,181.7","144,363.1","144,287.9","143,571.9","139,523.8","137,031.7","131,576.9","133,113.1","128,234.0","117,620.9","115,831.4","111,894.7","100,604.1","92,773.4","109,086.3","136,062.0","130,701.6","125,304.3","122,020.7","121,526.9","114,896.9","111,003.2","113,064.9","115,852.1","110,696.9","106,242.2","112,583.8","105,195.6","96,395.9","88,886.3","92,518.8","92,357.4","85,742.4","78,578.3","79,148.9","74,441.1","69,444.3","68,634.9","66,952.2","65,772.1","64,390.3","57,976.3","60,892.0","59,673.7","62,642.0","64,756.6","73,117.0","71,851.5","63,999.8","58,147.0","61,484.9","56,168.9","53,115.5","46,741.0","49,334.7","51,581.0","49,544.0","50,550.3","56,657.0","55,199.0","52,660.5","47,896.1","51,918.9","50,471.3","49,071.4","48,625.0","50,611.4","49,425.4","45,885.6","42,614.6","40,859.1","40,251.5","38,013.5","30,340.5","32,711.7","33,041.5","31,424.9","28,535.0","29,539.8","27,809.7","25,927.1","25,075.2","25,968.4","27,043.5","26,591.6","26,273.4","27,912.6","24,546.6","23,242.2","23,327.1","24,346.4","23,037.8","22,074.4","19,587.4","22,819.0","21,265.1","20,093.2","17,658.8","17,454.9","16,324.9","14,832.4","12,591.4","13,132.4","12,404.7","12,398.5","11,497.6"
      Imports Of Goods,"128,538.6","125,960.8","122,854.1","119,583.1","106,216.1","93,710.8","119,235.1","122,934.6","116,339.1","117,622.5","113,067.5","119,109.9","124,186.3","123,203.0","115,536.2","116,634.9","108,823.8","106,113.5","103,999.7","108,295.7","95,951.1","96,159.3","90,891.8","103,229.6","106,010.2","106,872.6","101,356.1","111,326.5","113,875.9","119,576.4","116,325.8","118,929.8","124,162.0","119,787.1","111,623.7","114,936.5","112,524.0","121,481.2","121,065.8","120,780.8","118,615.9","117,511.8","112,479.3","107,459.4","109,634.8","106,791.6","100,437.8","96,514.1","92,940.3","83,087.4","78,908.8","98,890.5","120,824.3","115,128.8","107,740.0","104,546.8","96,167.1","93,472.4","87,644.8","89,920.1","95,544.8","91,016.7","86,229.4","89,514.0","83,458.3","77,815.7","72,970.0","73,775.5","73,774.5","69,736.4","63,300.2","61,772.3","57,436.0","55,227.8","53,183.1","54,753.5","54,914.7","55,877.1","49,175.8","50,561.6","51,403.0","53,505.4","55,633.9","66,510.2","63,726.0","57,433.5","52,268.3","52,860.3","49,994.3","45,972.5","41,418.4","41,205.1","43,592.6","42,889.5","46,706.0","52,231.0","51,081.6","47,405.9","45,014.8","47,985.9","44,871.3","45,408.1","45,844.2","47,161.0","45,310.7","42,654.3","38,568.5","38,847.6","38,729.6","37,442.6","32,477.3","33,972.1","33,276.0","32,957.8","29,997.7","31,320.7","27,701.2","26,912.6","25,465.1","25,370.8","26,867.4","26,655.8","27,251.8","28,412.1","24,706.8","24,474.5","24,472.4","23,851.6","22,941.0","22,596.8","20,346.8","22,386.8","21,472.3","20,220.2","17,776.4","18,105.0","16,728.6","15,147.4","13,632.5","13,686.6","12,847.6","12,406.1","12,541.9"
    Services Balance,"6,311.1","6,652.5","4,765.4","6,882.7","6,770.0","4,869.5","2,001.8","3,661.6","4,119.8","1,979.5","2,501.8",316.2,"3,206.9","2,845.7","2,568.3","-4,299.7","-2,685.8","-3,175.4","-3,996.8","-2,780.8",-618.2,"-1,957.9","-3,699.0","-3,176.4","-1,846.0","-3,355.7","-3,298.8","-4,122.3","-2,976.8","-4,995.1","-4,240.2","-2,040.6","-1,766.7","-2,251.3","-3,557.8",283.9,"-1,859.2","-1,566.3","-1,186.3",-442.7,"1,440.3",762.4,38.2,821.4,614.8,"-1,121.4",-499.9,-954.8,"-1,947.3",-990.8,594.3,-886.1,72.0,-981.7,-176.2,-436.6,-197.0,-754.4,-955.2,"-2,385.5","-2,785.0","-2,936.8","-2,509.1","-4,275.9","-3,453.6","-4,299.2","-3,694.5","-4,463.0","-4,156.4","-4,597.8","-4,102.3","-5,062.2","-3,688.3","-4,183.1","-3,561.9","-2,885.3","-2,252.2","-2,764.5","-1,935.9","-2,566.1","-2,186.1","-2,838.1","-2,730.0","-2,471.8","-1,540.9","-1,676.5","-1,053.6","-1,534.5",-123.8,-260.2,-475.8,"1,036.3","1,420.0",898.3,869.8,704.8,"1,426.4","1,452.8","1,634.0","1,319.9","1,848.4","1,382.4","1,705.8","1,028.3","1,878.4","1,413.1","1,725.9","4,137.1","4,796.9","3,971.7","3,327.2","3,870.3","3,785.9","3,351.5","3,162.4","3,434.6","3,507.6","3,169.3","3,245.3","3,168.6","2,651.6","2,659.7","2,160.1","2,928.5","2,687.4","2,492.2","2,015.7","2,211.2","2,082.2","1,606.6","1,545.6","1,338.5","1,402.1","1,341.7","1,046.0","1,166.4",918.2,978.4,698.9,847.9,872.6,880.0,526.2
      Exports Of Services,"68,168.0","67,337.3","64,517.3","66,083.3","63,863.8","59,423.7","69,419.7","76,655.7","74,348.7","73,464.9","71,808.1","70,355.7","70,533.3","69,449.8","68,531.0","60,969.4","59,538.1","58,820.5","56,750.4","54,216.2","52,741.4","52,864.0","50,065.3","53,347.3","53,517.3","52,373.6","51,384.5","50,234.3","48,936.2","47,712.5","47,960.2","46,526.7","45,394.6","44,351.1","41,446.9","42,820.8","39,355.9","40,046.0","39,546.5","37,624.4","38,212.7","37,653.7","36,522.2","35,958.6","34,623.2","34,072.4","32,218.1","31,553.3","29,423.3","28,409.4","28,446.0","30,598.0","32,282.3","31,133.4","32,141.3","29,643.5","28,499.3","27,107.8","25,546.0","24,809.1","23,339.4","22,536.5","21,989.8","20,376.7","19,611.7","18,385.7","17,530.7","17,908.3","16,896.3","16,301.5","15,689.7","14,348.4","13,887.8","11,583.1","13,146.9","12,863.9","12,732.4","12,214.1","12,125.9","11,840.5","11,511.3","11,471.9","11,462.4","11,513.8","11,597.7","11,060.2","10,683.1","10,452.2","10,775.2","10,704.5","9,051.8","9,452.6","10,060.8","9,524.2","9,250.7","9,906.2","10,126.0","9,851.9","9,387.5","9,891.7","9,682.8","9,457.8","9,364.4","9,453.1","9,611.2","8,992.9","8,834.9","9,934.9","10,188.9","9,313.4","8,157.8","8,721.7","8,483.0","7,985.3","7,390.1","7,912.8","7,522.6","6,914.2","6,636.6","7,128.8","6,668.8","6,563.1","6,143.3","6,996.0","6,591.2","6,370.1","5,921.3","5,781.7","5,412.8","5,024.0","4,659.0","4,459.4","4,376.8","4,250.0","3,774.7","3,763.9","3,404.0","3,426.1","2,905.1","3,069.8","2,963.1","2,925.7","2,428.3"
        Manufacturing Services On Physical Inputs Owned By Others,88.6,80.7,64.8,59.9,53.7,54.3,61.0,64.6,68.3,64.3,60.7,85.2,101.3,98.7,90.5,60.1,60.4,63.1,59.6,75.7,74.5,67.1,67.5,86.3,86.2,88.2,85.8,107.0,106.3,107.0,104.1,74.2,71.6,72.3,65.1,62.0,61.0,64.3,62.3,65.1,64.7,64.7,65.9,71.3,71.2,80.6,66.4,82.1,90.8,80.4,70.1,107.5,113.1,108.3,123.2,125.7,132.6,119.7,114.6,146.4,136.4,128.1,123.8,89.0,81.6,75.5,68.9,95.5,88.2,87.6,81.9,81.6,77.6,71.3,72.6,92.8,94.8,96.4,85.5,48.3,46.9,48.6,51.2,54.4,53.3,49.0,45.7,55.8,56.3,52.6,49.3,77.2,75.0,74.2,70.3,100.6,99.4,94.4,83.9,72.4,70.9,70.8,69.1,38.9,39.2,35.7,32.3,na,na,na,na,na,na,na,na,na,na,na,na,na,na,na,na,na,na,na,na,na,na,na,na,na,na,na,na,na,na,na,na,na,na,na,na
        Maintenance And Repair Services,"2,177.9","1,895.9","2,013.7","1,528.5","1,700.1","1,604.4","2,594.3","2,765.5","2,600.2","2,559.1","2,318.3","2,476.6","2,408.9","2,447.5","2,718.2","2,315.1","2,070.2","1,949.4","1,881.4","2,291.0","2,080.8","2,304.8","1,861.1","2,442.4","2,382.2","2,315.4","2,175.2","2,188.4","2,465.0","2,192.6","3,007.1","2,870.3","3,087.5","2,486.5","2,322.9","2,176.3","2,118.1","2,382.9","2,375.8","2,482.3","2,632.0","2,068.8","2,159.8","1,994.3","2,007.6","2,359.1","2,287.4","2,198.2","2,215.9","2,284.1","2,429.9","2,223.9","2,265.8","1,542.7","2,322.2","1,564.3","1,705.3","1,887.1","1,448.9","1,571.5","1,496.1","1,420.4","1,213.0","1,256.4","1,295.8","1,151.6","1,093.9","1,021.2",855.6,869.1,704.6,759.7,716.0,739.6,667.8,753.1,896.6,699.9,722.2,551.6,544.9,525.3,477.7,484.9,398.9,461.7,409.8,395.3,526.0,427.3,401.1,713.2,661.2,571.4,663.6,546.8,556.8,477.6,486.6,457.2,523.4,451.5,431.6,396.8,538.8,377.2,408.0,na,na,na,na,na,na,na,na,na,na,na,na,na,na,na,na,na,na,na,na,na,na,na,na,na,na,na,na,na,na,na,na,na,na,na,na
        Transport,"18,354.7","18,227.0","18,462.3","18,142.9","18,039.3","16,920.3","20,192.4","21,799.0","21,162.2","21,527.1","20,727.1","21,096.0","20,810.8","20,396.9","20,288.0","17,447.2","16,741.6","16,677.8","15,716.3","14,746.0","14,296.2","14,481.8","13,544.8","15,387.1","16,371.9","16,108.5","16,229.6","15,917.7","16,238.1","16,239.8","15,523.2","15,142.0","14,993.6","14,746.0","12,949.3","14,001.4","13,909.6","14,063.2","13,612.1","13,175.1","13,289.1","14,177.1","12,881.7","13,917.7","13,398.9","12,787.8","12,502.2","11,675.2","10,784.8","10,232.4","10,673.3","12,270.2","13,140.4","12,773.3","12,924.9","11,691.7","11,147.8","10,408.6","10,394.7","9,330.9","9,058.3","8,580.3","8,907.6","8,628.2","8,306.2","7,837.5","7,663.2","7,667.8","7,324.4","6,816.5","6,821.6","6,537.2","6,107.0","4,886.8","5,812.2","5,550.0","5,473.1","5,277.2","5,239.0","5,294.5","5,098.8","4,959.7","5,144.9","5,289.0","5,301.6","4,961.9","4,826.8","4,682.9","4,580.5","4,869.1","3,826.4","3,691.5","4,162.1","3,762.0","3,441.7","3,246.0","3,326.6","3,127.3","3,034.1","3,181.0","3,127.7","3,018.1","3,029.4","3,059.9","3,075.3","2,861.1","2,814.9","1,673.2","1,639.0","1,545.2","1,317.0","1,346.7","1,341.7","1,275.3","1,164.0","1,216.8","1,160.0","1,078.6","1,050.1","1,095.0","1,111.4","1,072.9","1,069.6","1,119.1","1,009.1",960.6,944.6,975.7,923.7,881.8,802.8,885.4,836.2,778.5,702.1,696.8,666.8,616.5,537.2,553.6,539.6,534.6,508.2
        Travel,"1,143.5","1,066.8","1,115.8","1,044.4",914.1,886.1,"4,315.0","7,051.7","7,243.6","6,678.6","6,721.8","6,485.3","7,180.2","6,862.0","7,019.1","6,573.7","7,035.4","6,839.2","7,018.8","6,389.1","7,142.5","6,716.7","5,922.1","5,597.1","6,213.8","5,392.7","5,641.9","5,893.1","6,130.3","5,853.5","6,400.5","5,856.4","6,397.4","5,902.3","5,907.2","6,087.5","5,677.8","5,598.7","6,123.3","5,692.3","6,028.6","5,414.7","5,415.6","5,354.4","5,390.1","4,763.3","3,823.4","3,693.5","3,180.0","3,249.8","3,294.4","4,026.9","3,714.9","3,616.3","3,660.0","3,757.3","3,562.0","3,372.3","2,971.9","3,276.2","3,025.9","2,970.2","2,701.2","2,896.2","2,645.8","2,500.1","2,292.4","2,545.8","2,282.6","2,150.1","2,018.2","1,959.4","1,780.6","1,145.3","1,821.1","2,114.0","1,929.1","1,918.2","2,019.2","2,025.9","2,082.5","2,098.8","2,105.2","2,141.6","2,378.4","2,204.5","2,140.2","2,095.1","2,432.1","2,233.7","1,864.4","1,923.0","1,966.2","1,911.1","1,901.2","2,183.3","2,289.1","2,472.4","2,409.7","2,641.6","2,670.4","2,502.1","2,622.5","2,675.3","2,763.6","2,643.7","2,703.9","2,629.7","2,747.1","2,453.1","2,528.0","2,676.9","2,688.5","2,483.3","2,485.8","2,417.8","2,434.5","2,212.5","2,268.6","2,163.5","2,164.4","1,887.7","1,758.2","2,164.0","2,188.5","1,999.1","2,076.2","1,763.5","1,729.4","1,514.1","1,543.9","1,430.9","1,395.4","1,278.1","1,273.1","1,216.8","1,212.5","1,096.0","1,072.0","1,057.4","1,015.1",933.6,932.9
        Insurance,"2,523.9","2,488.0","2,070.5","2,357.2","2,202.7","2,336.1","2,298.4","2,372.2","2,148.0","2,283.0","2,118.3","2,234.4","2,344.2","2,309.9","2,143.2","1,890.0","1,703.4","1,660.2","1,477.0","1,461.2","1,448.6","1,599.9","1,567.0","1,356.6","1,310.0","1,325.8","1,320.3","1,000.9","1,050.8","1,107.6","1,082.2",926.9,836.1,887.6,983.9,749.6,832.8,855.8,958.4,679.7,786.9,752.7,816.1,731.5,819.2,926.1,840.9,595.7,560.0,531.1,523.4,439.2,453.5,541.8,507.5,426.9,363.7,365.2,414.3,303.9,292.0,354.5,303.7,285.5,219.3,315.9,317.3,223.9,223.6,284.8,235.2,219.8,250.9,199.4,186.4,347.9,221.8,231.1,201.1,220.7,174.1,233.1,105.0,326.4,257.9,238.2,102.9,213.8,188.0,187.1,116.2,139.5,175.0,162.9,171.5,212.4,267.4,191.5,136.4,268.7,183.3,291.5,188.5,249.8,259.0,246.0,185.0,128.0,127.0,126.4,122.4,109.7,109.3,104.3,99.7,73.4,69.8,67.0,63.2,49.5,49.3,49.4,49.2,40.1,40.1,40.1,40.0,46.7,46.6,46.6,46.5,49.7,49.5,49.6,49.4,53.1,53.1,53.0,52.9,44.4,44.2,44.1,44.1
        Government Goods And Services,105.9,105.7,105.2,104.5,104.5,104.3,105.5,104.6,104.7,105.1,104.8,103.2,103.4,103.4,103.5,102.0,102.2,102.3,102.4,100.9,101.2,101.3,101.4,98.8,99.1,99.5,99.6,98.4,98.8,99.0,99.1,98.2,97.9,97.3,98.1,96.2,96.0,95.6,95.0,93.0,92.8,91.8,91.3,90.6,90.3,89.8,89.2,87.5,87.5,87.2,87.6,87.6,87.6,87.1,85.8,82.5,81.9,80.9,80.1,80.1,80.1,80.0,80.0,76.5,76.7,76.7,76.7,71.0,71.2,71.2,71.1,66.4,66.7,66.5,66.6,61.5,61.8,61.7,61.7,57.0,57.2,57.2,57.1,53.3,53.2,53.1,53.1,49.0,49.3,49.2,49.3,47.1,45.0,45.0,44.9,41.6,41.9,41.7,41.7,38.4,38.6,38.6,38.6,35.6,35.5,35.4,35.3,39.9,40.0,40.0,40.0,40.3,40.2,40.3,40.3,39.9,39.9,40.3,39.9,40.5,40.4,40.5,40.3,41.7,41.7,41.7,41.7,43.3,43.2,43.2,43.2,48.2,48.2,48.3,48.2,47.5,47.4,47.5,47.5,49.4,49.3,49.4,51.1
        Construction,337.8,313.2,337.2,330.2,203.1,144.0,439.2,455.2,427.8,418.7,440.4,405.1,384.3,377.4,397.0,275.5,260.1,255.9,269.1,331.1,340.7,349.5,341.9,306.2,298.8,290.3,276.9,380.1,372.9,356.7,364.7,562.0,540.5,515.7,517.4,499.3,487.9,468.8,466.3,526.3,498.2,458.7,457.8,363.4,353.1,347.4,342.6,427.6,388.1,362.4,366.5,432.2,404.7,355.2,340.1,312.7,287.2,257.9,279.3,235.9,224.4,198.6,222.6,236.2,221.7,209.7,233.7,275.1,271.4,257.9,289.4,191.4,191.5,176.3,183.4,132.1,134.4,130.0,146.7,83.8,88.7,85.1,88.6,61.2,60.6,55.3,54.7,71.5,69.5,67.4,72.0,83.0,84.6,81.9,80.6,106.7,100.0,88.3,81.7,112.9,106.0,99.8,96.3,116.6,106.0,97.2,89.6,na,na,na,na,na,na,na,na,na,na,na,na,na,na,na,na,na,na,na,na,na,na,na,na,na,na,na,na,na,na,na,na,na,na,na,na
        Financial,"11,924.6","11,190.7","11,243.2","12,301.1","11,025.6","9,954.4","10,330.0","11,239.8","10,388.6","10,327.9","10,114.5","9,840.8","9,658.8","9,392.7","9,587.6","9,127.5","8,810.7","8,525.2","8,221.1","8,766.8","7,217.9","7,020.2","7,057.6","7,937.7","7,018.0","7,044.0","6,880.0","8,291.5","6,457.1","5,930.0","5,985.9","6,923.7","5,500.2","5,817.2","5,370.0","5,812.3","4,935.4","5,119.5","4,827.4","4,705.8","4,809.9","4,829.7","4,783.2","4,724.1","3,938.9","4,005.2","3,985.0","4,497.6","3,880.4","3,775.5","3,460.7","3,168.8","4,063.3","4,233.4","4,254.1","4,545.8","4,151.5","3,820.8","3,305.6","3,156.1","2,541.1","2,596.7","2,419.2","2,199.6","2,161.6","1,777.6","1,523.9","1,695.9","1,565.7","1,631.5","1,454.0","1,367.2","1,593.2","1,350.3","1,370.8","1,120.5","1,209.2","1,112.5","1,093.9","1,062.0",915.2,960.7,968.9,757.2,767.3,784.4,872.3,"1,084.0","1,091.8","1,070.5","1,002.2","1,077.1","1,171.3","1,177.8","1,182.1","1,609.6","1,610.1","1,599.8","1,452.9","1,336.9","1,221.0","1,265.4","1,227.9","1,267.3","1,205.6","1,179.1","1,134.8",na,na,na,na,na,na,na,na,na,na,na,na,na,na,na,na,na,na,na,na,na,na,na,na,na,na,na,na,na,na,na,na,na,na,na,na
"        Telecommunications, Computer & Information","5,508.3","5,912.9","5,434.6","5,272.5","5,327.9","5,345.0","5,218.3","5,459.1","5,474.6","5,157.5","5,047.6","5,706.7","5,696.5","5,477.2","5,369.3","4,505.7","4,558.4","4,631.9","4,780.9","3,907.1","4,245.0","4,262.6","4,358.3","3,092.3","3,072.2","3,040.5","2,994.0","2,611.6","2,534.5","2,470.3","2,478.2","2,456.5","2,409.1","2,351.3","2,335.4","2,038.7","2,096.3","2,127.4","2,140.8","1,578.3","1,510.1","1,544.7","1,606.8","1,241.2","1,216.6","1,200.1","1,173.3","1,016.2",967.7,918.2,902.0,959.2,952.0,905.7,858.8,755.9,722.2,693.3,658.8,658.8,627.8,604.9,588.1,443.7,441.4,436.4,420.8,470.1,470.7,428.5,409.5,372.7,355.6,344.0,351.5,338.9,347.9,344.6,334.2,336.9,324.8,323.8,311.9,259.4,255.9,249.2,226.2,243.7,242.0,239.8,223.8,270.6,280.5,292.4,282.5,311.4,310.7,292.2,267.7,309.0,304.1,290.3,279.9,288.9,286.0,274.3,257.5,na,na,na,na,na,na,na,na,na,na,na,na,na,na,na,na,na,na,na,na,na,na,na,na,na,na,na,na,na,na,na,na,na,na,na,na
        Charges For The Use Of Intellectual Property,"2,874.5","2,750.3","2,856.6","3,210.6","2,810.9","2,619.2","2,783.8","2,754.7","2,852.8","2,820.8","3,154.4","2,542.7","2,835.9","3,351.7","2,798.1","2,781.5","2,656.4","2,854.1","2,480.2","2,384.5","2,361.6","2,694.8","2,270.9","2,987.2","2,864.1","3,220.0","2,822.8","1,120.0","1,247.3","1,259.7","1,326.5","1,102.1","1,020.7","1,121.9","1,027.8",943.0,843.5,881.9,846.2,805.8,796.3,786.8,956.5,649.5,648.8,733.7,604.2,528.9,584.0,517.1,450.8,408.3,429.6,411.3,467.9,336.5,354.8,320.3,306.6,297.0,276.7,259.9,251.2,305.9,280.4,259.4,236.6,201.0,185.7,184.3,172.4,101.1,95.9,88.0,89.6,76.1,77.7,79.0,70.1,33.8,32.6,33.7,35.5,30.2,29.4,27.1,25.3,25.9,26.2,24.6,22.9,21.4,20.9,20.7,19.6,17.2,17.0,16.1,14.4,19.2,18.9,18.6,18.2,18.0,18.4,16.6,15.0,na,na,na,na,na,na,na,na,na,na,na,na,na,na,na,na,na,na,na,na,na,na,na,na,na,na,na,na,na,na,na,na,na,na,na,na
"        Personal, Cultural And Recreational",454.6,398.7,384.1,358.2,335.4,289.6,333.5,356.5,337.9,322.2,334.9,257.9,251.1,239.5,246.1,176.2,171.0,161.0,166.1,197.7,193.8,180.6,180.3,232.1,212.1,200.3,208.3,214.8,196.6,188.0,202.0,169.3,160.8,149.8,156.6,158.4,159.4,137.1,143.7,146.1,149.2,128.0,133.5,111.8,110.7,110.0,100.8,101.9,101.0,97.9,97.2,117.7,117.1,116.1,114.2,50.9,51.0,50.0,49.8,32.5,32.6,32.4,32.3,30.4,30.4,29.4,29.2,30.8,30.5,29.8,30.2,25.3,25.1,23.8,25.3,19.8,19.5,19.2,19.0,25.1,24.8,23.9,24.4,16.5,16.2,15.6,15.6,13.8,13.4,13.2,13.6,5.8,6.2,6.0,6.3,3.6,3.9,3.6,3.9,4.6,4.5,4.1,4.1,5.4,5.3,5.0,5.1,na,na,na,na,na,na,na,na,na,na,na,na,na,na,na,na,na,na,na,na,na,na,na,na,na,na,na,na,na,na,na,na,na,na,na,na
        Other Business Services,"22,673.7","22,907.4","20,429.3","21,373.3","21,146.5","19,166.0","20,748.3","22,232.8","21,540.0","21,200.6","20,665.3","19,121.8","18,757.9","18,392.9","17,770.4","15,714.9","15,368.3","15,100.4","14,577.5","13,565.1","13,238.6","13,084.7","12,792.4","13,823.5","13,588.9","13,248.4","12,650.1","12,410.8","12,038.5","11,908.3","11,386.7","10,345.1","10,279.2","10,203.2","9,713.2","10,196.1","8,138.1","8,250.8","7,895.2","7,674.6","7,554.9","7,336.0","7,154.0","6,708.8","6,577.8","6,669.3","6,402.7","6,648.9","6,583.1","6,273.3","6,090.1","6,356.5","6,540.3","6,442.2","6,482.6","5,993.3","5,939.3","5,731.7","5,521.4","5,719.8","5,548.0","5,310.5","5,147.1","3,929.1","3,850.8","3,715.9","3,574.1","3,610.2","3,526.7","3,490.2","3,401.6","2,666.6","2,627.7","2,491.8","2,499.6","2,257.2","2,266.5","2,244.3","2,133.3","2,100.9","2,120.8","2,122.0","2,092.0","2,039.7","2,025.0","1,960.2","1,910.5","1,521.4","1,500.1","1,470.0","1,410.6","1,403.2","1,412.8","1,418.8","1,386.4","1,527.0","1,503.1","1,447.0","1,374.5","1,449.8","1,414.0","1,407.0","1,358.3","1,300.6","1,278.5","1,221.6","1,153.5","5,464.1","5,635.8","5,148.7","4,150.4","4,548.1","4,303.3","4,082.1","3,600.3","4,164.9","3,818.4","3,515.8","3,214.8","3,780.3","3,303.3","3,512.6","3,226.0","3,631.1","3,311.8","3,328.6","2,818.8","2,952.5","2,669.9","2,538.3","2,222.6","2,045.2","2,047.5","2,095.5","1,701.9","1,749.7","1,424.2","1,613.1","1,195.5","1,365.0","1,314.9","1,364.0",892.0
      Imports Of Services,"61,856.9","60,684.8","59,751.9","59,200.6","57,093.8","54,554.2","67,417.9","72,994.1","70,228.9","71,485.4","69,306.3","70,039.5","67,326.4","66,604.1","65,962.7","65,269.1","62,223.9","61,995.9","60,747.2","56,997.0","53,359.6","54,821.9","53,764.3","56,523.7","55,363.3","55,729.3","54,683.3","54,356.6","51,913.0","52,707.6","52,200.4","48,567.3","47,161.3","46,602.4","45,004.7","42,536.9","41,215.1","41,612.3","40,732.8","38,067.1","36,772.4","36,891.3","36,484.0","35,137.2","34,008.4","35,193.8","32,718.0","32,508.1","31,370.6","29,400.2","27,851.7","31,484.1","32,210.3","32,115.1","32,317.5","30,080.1","28,696.3","27,862.2","26,501.2","27,194.6","26,124.4","25,473.3","24,498.9","24,652.6","23,065.3","22,684.9","21,225.2","22,371.3","21,052.7","20,899.3","19,792.0","19,410.6","17,576.1","15,766.2","16,708.8","15,749.2","14,984.6","14,978.6","14,061.8","14,406.6","13,697.4","14,310.0","14,192.4","13,985.6","13,138.6","12,736.7","11,736.7","11,986.7","10,899.0","10,964.7","9,527.6","8,416.3","8,640.8","8,625.9","8,380.9","9,201.4","8,699.6","8,399.1","7,753.5","8,571.8","7,834.4","8,075.4","7,658.6","8,424.8","7,732.8","7,579.8","7,109.0","5,797.8","5,392.0","5,341.7","4,830.6","4,851.4","4,697.1","4,633.8","4,227.7","4,478.2","4,015.0","3,744.9","3,391.3","3,960.2","4,017.2","3,903.4","3,983.2","4,067.5","3,903.8","3,877.9","3,905.6","3,570.5","3,330.6","3,417.4","3,113.4","3,120.9","2,974.7","2,908.3","2,728.7","2,597.5","2,485.8","2,447.7","2,206.2","2,221.9","2,090.5","2,045.7","1,902.1"
        Manufacturing Services On Physical Inputs Owned By Others,"2,179.8","2,078.6","1,865.9","1,745.1","1,557.8","1,633.2","1,819.1","1,881.0","1,847.1","1,775.7","1,685.7","1,843.2","1,866.1","1,828.7","1,783.1","2,153.2","1,926.4","1,941.6","2,106.6","1,845.0","1,925.5","2,079.1","1,840.1","2,078.8","2,075.8","2,122.1","2,064.5","1,978.1","1,964.6","1,978.7","1,925.4","1,702.3","1,643.3","1,660.4","1,494.5","1,329.3","1,306.5","1,378.4","1,335.0","1,121.1","1,115.5","1,114.4","1,135.9","1,109.0","1,107.6","1,252.7","1,031.7",831.4,917.9,812.7,708.7,608.0,639.5,612.2,696.6,398.8,420.6,379.6,363.4,332.5,309.7,290.9,281.1,322.5,295.5,273.3,249.4,232.2,214.3,212.8,199.0,111.3,105.8,97.2,98.9,126.1,128.8,131.0,116.2,78.1,76.0,78.7,82.9,58.6,57.4,52.8,49.3,52.9,53.3,49.8,46.6,45.3,44.1,43.7,41.4,96.0,94.8,90.1,80.0,52.6,51.4,51.4,50.1,125.8,126.6,115.1,104.2,na,na,na,na,na,na,na,na,na,na,na,na,na,na,na,na,na,na,na,na,na,na,na,na,na,na,na,na,na,na,na,na,na,na,na,na
        Maintenance And Repair Services,245.7,206.8,219.9,181.6,279.4,238.4,263.1,267.4,323.8,287.1,280.7,262.2,313.7,273.3,268.9,191.0,230.4,202.1,198.2,218.2,256.6,225.4,223.9,213.5,255.8,229.1,230.9,205.8,243.9,215.7,215.3,198.2,233.5,206.4,207.1,196.3,231.8,205.6,203.3,204.3,241.5,213.1,213.4,212.6,248.9,202.4,210.2,236.1,276.6,236.1,242.2,189.3,207.3,181.1,179.3,131.0,153.8,130.9,130.7,113.6,130.4,114.1,113.3,73.0,92.4,76.7,72.3,53.5,66.6,59.5,58.3,52.1,64.0,56.4,52.7,52.0,62.2,54.4,53.6,46.3,52.5,48.0,48.9,40.5,46.9,42.7,41.1,44.3,47.0,43.9,37.8,49.9,58.7,37.6,43.5,56.3,57.8,52.4,45.2,65.0,66.7,60.9,54.7,57.0,60.2,56.4,49.9,na,na,na,na,na,na,na,na,na,na,na,na,na,na,na,na,na,na,na,na,na,na,na,na,na,na,na,na,na,na,na,na,na,na,na,na
        Transport,"18,401.3","18,281.3","17,910.7","17,263.9","17,893.4","16,744.0","20,687.5","22,068.3","21,751.7","22,823.5","21,492.0","21,531.7","21,115.9","20,942.5","20,590.2","18,308.7","17,441.2","17,451.0","17,113.4","15,462.2","14,668.5","15,203.2","14,550.1","16,321.3","16,447.3","16,587.0","16,256.0","14,641.8","14,385.7","14,580.4","14,214.4","12,720.3","12,573.2","12,421.0","11,566.2","11,267.2","11,172.4","11,102.6","10,966.2","10,569.0","10,461.7","10,636.1","10,122.6","10,455.0","10,055.6","10,057.0","9,735.4","9,843.6","9,022.2","8,507.7","8,386.4","9,974.6","10,730.7","10,651.1","10,455.6","10,795.9","10,166.6","9,940.5","9,551.0","9,382.9","9,402.8","9,095.9","8,821.8","9,046.8","8,504.2","8,321.8","7,757.7","7,990.8","7,595.1","7,397.0","6,963.9","6,323.0","5,690.8","5,148.5","5,510.1","5,053.4","4,775.3","4,713.2","4,495.6","5,412.0","5,134.3","5,506.3","5,554.5","5,816.7","5,491.4","5,379.2","4,941.9","5,074.6","4,511.7","4,887.7","3,891.0","3,739.4","4,084.9","3,984.3","3,853.5","4,067.0","3,849.9","3,777.0","3,466.7","3,729.2","3,385.0","3,482.3","3,425.6","3,594.9","3,349.8","3,279.5","2,939.6","1,935.4","1,882.3","1,835.4","1,674.6","1,686.0","1,702.1","1,627.9","1,470.8","1,667.1","1,476.1","1,406.0","1,286.2","1,592.5","1,692.2","1,609.0","1,661.2","1,700.6","1,572.6","1,552.4","1,542.0","1,472.2","1,409.9","1,421.5","1,218.4","1,343.1","1,326.2","1,226.5","1,116.8","1,107.3","1,065.4",993.8,880.2,"1,007.5",953.9,921.6,870.8
        Travel,"1,257.8","1,210.4","1,135.8",958.1,724.8,644.2,"7,093.3","9,860.3","9,167.4","9,422.2","8,824.3","9,588.5","8,767.8","8,964.8","8,442.1","9,233.5","8,290.6","8,746.0","8,251.0","8,795.5","7,843.2","8,455.5","8,014.5","8,629.5","7,866.4","8,238.6","7,790.4","8,283.6","7,616.9","8,336.8","8,131.4","8,127.4","7,493.7","7,600.6","7,318.6","7,876.0","7,034.1","7,240.1","6,765.6","7,266.1","6,576.7","6,844.3","6,254.5","6,922.9","6,195.8","6,424.6","5,954.0","6,409.1","5,623.9","5,617.4","5,190.5","6,217.6","5,514.2","5,897.4","5,489.9","5,708.9","4,957.4","5,142.3","4,542.3","4,860.1","4,359.2","4,519.5","4,165.2","4,455.7","4,038.0","4,283.2","3,984.1","4,233.7","3,773.0","4,012.5","3,685.0","4,240.5","3,753.0","3,070.4","3,530.6","3,985.0","3,576.4","3,647.4","3,482.9","3,127.4","2,899.1","3,022.2","2,794.5","2,414.9","2,065.4","2,152.8","1,880.6","2,192.7","1,773.7","1,702.7","1,471.2","1,430.8","1,250.4","1,415.4","1,286.8","1,852.2","1,582.7","1,562.3","1,483.8","2,022.9","1,722.1","1,769.0","1,556.2","1,954.7","1,528.6","1,685.3","1,436.6","1,788.1","1,411.1","1,462.1","1,246.7","1,430.9","1,248.0","1,308.4","1,094.1","1,283.5","1,089.4",935.4,786.4,843.4,767.5,775.2,798.2,832.3,786.7,820.2,822.8,729.9,590.8,676.9,603.2,536.6,415.4,505.2,414.5,474.4,393.3,453.9,352.4,404.1,337.0,370.2,293.0
        Insurance,"2,104.5","2,013.1","1,934.7","1,915.6","1,910.4","1,657.5","1,852.5","1,972.1","1,847.6","1,880.9","1,851.9","1,668.7","1,714.4","1,652.4","1,617.0","1,528.5","1,410.8","1,403.9","1,205.5","1,475.0","1,497.7","1,499.4","1,560.4","1,023.9","1,168.8","1,103.5","1,080.5",832.9,848.2,"1,069.6",858.7,"1,037.2","1,025.8","1,115.8","1,078.5",781.7,863.1,895.1,958.4,768.1,829.1,819.7,901.7,707.0,813.3,873.7,846.3,690.2,603.1,539.5,473.6,587.1,634.4,682.1,647.4,574.8,544.3,543.3,551.4,506.9,484.5,517.0,464.0,556.5,460.7,569.5,500.8,478.0,507.3,562.0,470.2,513.0,511.1,436.6,434.1,560.2,443.2,448.9,382.6,459.5,425.7,502.9,380.5,652.5,571.4,501.5,396.1,640.0,567.1,522.4,429.1,494.6,526.6,497.2,543.1,642.3,654.6,562.8,475.8,618.2,560.0,623.7,547.3,628.7,637.1,615.7,502.9,319.4,300.0,292.4,265.8,266.8,268.1,256.6,230.5,242.8,223.1,210.3,193.2,350.2,373.4,359.6,353.9,367.9,358.0,344.9,341.1,329.6,309.2,322.4,269.5,308.4,297.3,269.1,245.4,237.8,223.3,206.6,178.5,124.2,115.3,113.2,107.7
        Government Goods And Services,65.8,59.8,89.1,76.8,66.2,47.5,97.6,87.7,70.8,56.8,100.3,87.6,66.3,51.3,106.3,70.7,64.0,48.6,110.1,68.8,62.2,73.4,105.9,69.4,56.3,47.6,101.4,67.5,57.1,54.6,115.9,73.8,63.5,53.1,96.6,70.4,60.7,43.9,81.8,64.6,50.7,49.3,96.2,74.6,56.7,41.5,88.5,62.1,95.6,48.9,113.4,73.5,61.8,62.8,121.0,65.1,67.2,62.4,85.6,65.4,61.1,92.6,90.6,64.1,74.5,52.3,107.0,70.2,49.1,59.4,103.0,55.3,53.0,30.7,74.0,66.2,42.1,28.4,65.8,46.3,41.5,32.7,61.9,42.2,34.7,27.3,65.8,42.2,39.2,29.3,62.4,38.1,30.9,24.2,55.4,36.4,32.7,22.9,62.8,33.3,29.0,20.7,48.5,32.1,27.3,19.8,45.2,38.6,38.7,28.7,43.3,35.9,42.0,33.6,55.6,42.0,51.2,33.7,45.0,28.6,28.1,25.9,39.5,29.6,29.1,26.1,34.1,27.7,22.3,18.8,32.2,26.4,37.3,21.0,43.5,23.9,22.2,20.0,27.4,20.1,20.0,20.6,27.9
        Construction,126.2,131.6,120.1,119.1,69.5,70.1,151.2,164.0,165.5,150.3,163.5,201.6,176.2,171.9,192.7,142.0,133.2,120.1,124.6,118.7,123.0,129.6,142.8,119.6,107.9,121.1,118.3,124.6,127.5,124.0,121.5,179.8,172.2,165.2,162.6,174.4,159.2,161.9,153.3,178.1,167.5,161.6,154.2,177.6,172.3,169.5,167.2,157.2,142.8,133.4,134.8,138.6,129.6,113.6,108.8,93.7,86.1,77.3,83.7,67.8,64.6,57.2,63.9,87.2,81.8,77.3,86.3,143.6,141.8,134.7,151.1,54.2,54.0,49.7,51.7,48.5,49.2,47.6,53.7,57.3,60.7,58.2,60.6,58.2,57.5,52.4,51.7,59.1,57.4,55.6,59.5,60.5,61.6,59.6,58.7,48.2,45.2,40.0,36.9,33.7,31.7,29.8,28.7,34.1,30.9,28.6,26.3,na,na,na,na,na,na,na,na,na,na,na,na,na,na,na,na,na,na,na,na,na,na,na,na,na,na,na,na,na,na,na,na,na,na,na,na
        Financial,"2,599.5","2,553.4","2,844.2","3,831.9","2,417.9","2,384.7","2,565.4","3,258.4","2,321.0","2,209.3","2,044.3","2,917.2","1,997.2","1,813.4","2,124.4","2,043.7","1,936.2","1,810.1","1,901.0","1,706.0","1,529.2","1,521.1","1,607.1","1,593.5","1,568.3","1,450.0","1,582.2","1,550.7","1,332.8","1,219.4","1,399.1","1,381.7","1,098.6","1,123.1","1,043.8","1,104.2",982.7,987.2,960.1,923.2,"1,023.9",974.3,993.7,862.6,890.9,832.9,907.4,803.7,802.4,696.5,676.1,773.4,910.6,924.6,957.5,"1,008.3",854.7,840.5,761.9,590.4,564.7,576.4,554.4,416.7,392.0,373.5,342.3,364.4,333.9,343.1,333.4,324.7,331.9,304.5,295.5,266.0,282.0,261.9,249.9,310.1,222.9,212.3,236.8,251.0,258.0,262.0,267.7,213.1,199.9,196.1,177.8,146.5,156.3,147.2,135.1,228.9,235.2,219.6,200.4,190.3,203.4,262.2,207.9,213.4,250.2,201.8,214.7,na,na,na,na,na,na,na,na,na,na,na,na,na,na,na,na,na,na,na,na,na,na,na,na,na,na,na,na,na,na,na,na,na,na,na,na
"        Telecommunications, Computer & Information","6,625.8","6,596.6","6,339.3","6,060.2","6,024.8","5,948.6","6,031.4","5,648.3","5,705.4","5,725.8","5,728.4","5,114.1","5,028.0","4,940.6","4,760.4","5,186.8","5,184.0","5,207.7","5,228.1","4,373.9","4,395.0","4,421.3","4,458.4","3,761.1","3,718.9","3,717.0","3,735.2","5,195.1","5,077.2","4,994.1","5,044.8","2,926.4","2,949.0","2,975.7","2,941.5","2,349.4","2,382.0","2,396.8","2,387.7","1,830.0","1,800.5","1,778.4","1,777.2","1,155.9","1,134.7","1,113.1","1,083.5",937.7,886.4,834.5,817.7,891.4,883.3,831.8,779.2,751.0,711.1,678.8,646.0,654.1,617.1,595.4,582.4,480.4,479.5,476.7,459.4,442.2,446.2,375.1,349.7,430.6,399.9,387.4,402.9,370.1,389.2,383.6,376.4,417.6,390.5,389.0,373.3,372.1,365.5,355.8,313.8,311.9,310.0,307.0,284.3,291.6,304.2,320.0,308.5,296.7,296.8,277.9,251.7,249.3,245.5,230.8,223.2,252.1,250.8,240.0,224.9,na,na,na,na,na,na,na,na,na,na,na,na,na,na,na,na,na,na,na,na,na,na,na,na,na,na,na,na,na,na,na,na,na,na,na,na
        Charges For The Use Of Intellectual Property,"6,473.4","6,278.7","6,183.0","5,771.9","5,919.0","5,718.9","5,836.1","5,810.4","5,876.4","5,986.0","5,808.5","5,699.7","5,813.3","5,780.3","5,691.3","5,545.9","5,584.4","5,476.1","5,094.6","5,786.8","5,264.8","5,352.6","5,234.6","6,747.1","6,803.3","6,808.1","6,313.5","7,090.6","6,668.1","6,412.1","6,282.1","7,177.6","7,696.6","7,017.8","6,877.9","7,072.5","7,370.9","7,421.8","7,009.3","6,510.5","6,419.1","6,287.4","6,373.9","5,720.6","5,714.0","6,462.4","5,322.6","4,968.7","5,485.3","4,856.5","4,235.3","4,578.0","4,815.4","4,609.5","5,245.1","3,774.0","3,980.1","3,592.0","3,439.2","4,249.5","3,957.9","3,717.3","3,592.1","4,468.3","4,094.3","3,785.7","3,454.6","3,682.8","3,399.2","3,375.4","3,156.4","3,181.0","3,021.4","2,775.8","2,826.8","2,225.0","2,272.5","2,312.0","2,050.8","2,190.1","2,128.5","2,205.2","2,323.7","2,363.5","2,313.9","2,128.4","1,985.2","1,913.8","1,928.4","1,801.4","1,688.1",824.6,802.8,794.5,752.7,765.6,755.8,718.1,638.1,729.5,713.4,712.6,695.6,648.0,651.7,592.8,536.5,na,na,na,na,na,na,na,na,na,na,na,na,na,na,na,na,na,na,na,na,na,na,na,na,na,na,na,na,na,na,na,na,na,na,na,na
"        Personal, Cultural And Recreational",186.7,188.3,184.7,184.6,175.3,156.5,174.8,186.4,177.9,175.3,176.7,169.8,161.5,161.1,162.5,153.2,146.0,142.7,141.0,144.0,135.8,132.1,130.4,174.7,170.2,170.0,170.3,163.1,152.5,155.7,154.0,148.2,146.0,145.5,144.4,142.2,137.3,137.8,140.6,147.1,143.4,142.2,144.3,144.9,143.5,142.6,130.5,113.9,113.1,109.5,108.8,133.5,132.4,131.3,128.9,45.1,44.9,44.2,43.8,42.2,42.0,41.4,41.3,47.0,46.9,45.3,45.2,50.1,50.0,48.7,49.5,41.7,40.9,38.8,41.3,47.2,46.9,45.9,45.4,26.6,26.3,25.4,26.0,19.7,19.9,19.4,19.5,13.5,13.1,12.9,13.5,9.4,9.4,9.4,9.6,9.0,9.2,8.9,9.2,7.3,7.2,6.9,6.9,3.1,3.1,2.9,2.9,na,na,na,na,na,na,na,na,na,na,na,na,na,na,na,na,na,na,na,na,na,na,na,na,na,na,na,na,na,na,na,na,na,na,na,na
        Other Business Services,"21,590.4","21,086.2","20,924.5","21,091.8","20,055.3","19,310.6","20,845.9","21,789.8","20,974.3","20,992.5","21,150.0","20,955.2","20,306.0","20,023.8","20,223.8","20,711.9","19,876.7","19,446.0","19,273.1","17,002.9","15,658.1","15,729.2","15,896.1","15,791.3","15,124.3","15,135.2","15,240.1","14,222.8","13,438.5","13,566.5","13,737.8","12,894.4","12,065.9","12,117.8","12,073.0","10,173.3","9,514.4","9,641.1","9,771.5","8,485.0","7,942.8","7,870.5","8,316.4","7,594.5","7,475.1","7,621.4","7,240.7","7,454.4","7,401.3","7,007.5","6,764.2","7,319.1","7,551.1","7,417.6","7,508.2","6,733.5","6,709.5","6,430.4","6,302.2","6,329.2","6,130.4","5,855.6","5,728.8","4,634.4","4,505.5","4,349.6","4,166.1","4,629.8","4,476.2","4,319.1","4,272.5","4,083.2","3,550.3","3,370.2","3,390.2","2,949.5","2,916.8","2,904.3","2,688.9","2,235.3","2,239.4","2,229.1","2,248.8","1,895.7","1,856.6","1,762.4","1,724.0","1,428.6","1,398.2","1,355.9","1,366.3","1,285.6","1,310.9","1,292.8","1,292.6","1,102.8","1,084.9","1,067.1","1,002.9",840.5,819.0,825.1,813.9,880.9,816.5,741.9,"1,025.3","1,716.3","1,759.9","1,723.1","1,600.2","1,431.8","1,436.9","1,407.3","1,376.7","1,242.8","1,175.2","1,159.5","1,080.5","1,145.5","1,156.0","1,133.7","1,130.4","1,137.1","1,157.4","1,134.3","1,165.6","1,011.1",998.4,977.8,990.1,906.4,898.5,886.5,908.5,754.1,781.6,773.4,767.7,666.0,664.3,620.1,602.7
    Primary Income Balance,"-13,396.5","-14,812.2","-9,340.9","-15,633.0","-15,897.6","-15,702.0","-10,106.7","-15,368.5","-15,794.7","-16,435.4","-13,428.7","-16,064.6","-14,562.1","-15,173.8","-12,955.3","-10,374.2","-7,640.7","-8,801.7","-9,293.4","-8,220.1","-5,596.9","-6,873.4","-7,168.4","-7,495.9","-4,629.7","-8,272.7","-8,494.5","-3,670.0","-2,770.6","-3,902.0","-3,535.3","-6,289.4","-4,757.3","-4,201.4","-5,481.8","-4,489.4","-4,286.3","-3,885.6","-3,737.1","-4,653.0","-2,646.2","-1,705.7","-3,068.6","-1,505.1","-1,142.5","-1,554.5",669.2,"-5,606.9","-5,338.9","-3,265.0",-436.9,"-1,248.4","-2,960.1","-1,952.9","-3,915.5","-2,639.5","-2,888.2","-1,301.1",-344.6,"-2,359.7","-1,583.9",-848.2,"-1,613.3","-4,093.1","-2,947.4","-2,374.2","-2,621.1","-3,448.9","-2,832.2","-2,493.3","-2,986.4","-1,985.2","-1,504.0",-451.9,-580.4,"-1,280.3","-1,134.7",-390.6,-491.8,-710.0,-615.7,763.2,-513.3,"-1,059.2",-223.0,304.4,-34.7,490.7,294.6,446.8,424.5,302.6,490.8,752.8,570.2,862.9,588.2,843.2,618.5,-501.3,98.2,-286.6,-285.7,-65.3,-217.4,468.5,714.3,121.5,152.5,-64.5,-63.3,-275.9,-814.1,-800.8,-176.7,"-1,556.8",62.4,623.5,921.6,120.8,-38.0,-303.4,-965.9,30.2,-51.3,35.9,-723.5,-75.0,79.1,-301.0,-75.9,-217.5,-123.1,-190.8,-196.9,-349.7,-309.0,-309.3,-224.5,-67.8,12.4,9.9,58.8
      Primary Income Receipts,"40,125.5","36,296.7","43,795.0","33,945.7","32,969.4","31,818.1","38,381.8","32,951.6","38,524.2","39,348.4","37,851.2","35,998.3","38,447.0","37,345.2","34,954.6","34,076.9","35,856.1","33,179.0","33,425.2","27,375.4","28,736.3","26,935.2","25,002.4","24,941.1","27,493.8","23,886.4","22,223.4","23,016.1","23,223.5","22,435.9","21,454.2","20,912.7","21,683.8","22,323.3","19,741.9","20,375.9","19,831.1","20,737.3","20,078.9","19,568.3","21,370.7","21,779.7","19,988.6","21,412.1","21,380.3","21,754.5","22,061.7","16,700.7","17,139.1","17,960.6","19,532.7","17,584.1","16,744.1","17,693.2","18,018.6","21,989.3","22,852.0","23,315.8","21,215.9","17,069.9","17,052.7","17,073.6","15,847.4","12,658.8","13,041.4","12,948.0","11,938.0","9,573.8","9,609.9","9,818.8","8,896.4","7,518.3","7,573.9","8,040.0","7,926.3","6,202.8","6,357.1","7,105.4","6,597.8","6,007.2","5,989.9","7,565.1","6,424.6","6,131.4","6,842.7","7,029.5","6,416.9","6,850.0","6,604.8","6,472.7","6,155.9","4,384.9","4,474.1","4,679.5","4,385.5","4,456.2","4,135.3","4,225.6","3,700.2","3,496.7","3,982.3","3,537.8","3,449.6","3,866.6","3,706.0","4,116.1","4,127.3","3,400.6","3,460.1","3,082.3","2,912.0","2,918.9","2,602.3","2,755.7","2,542.0","2,921.6","2,871.0","2,486.4","2,792.8","2,357.5","2,631.8","2,888.0","2,843.6","2,444.4","2,443.4","2,234.9","2,318.0","1,640.1","1,994.0","1,893.0","1,981.6","1,599.9","1,658.2","1,592.0","1,594.2","1,230.3","1,232.6","1,228.0","1,323.0",977.8,"1,019.5","1,042.3","1,054.0"
      Primary Income Payments,"53,522.0","51,108.9","53,135.9","49,578.7","48,867.0","47,520.1","48,488.5","48,320.1","54,318.9","55,783.8","51,279.9","52,062.9","53,009.1","52,519.0","47,909.9","44,451.1","43,496.8","41,980.7","42,718.6","35,595.5","34,333.2","33,808.6","32,170.8","32,437.0","32,123.5","32,159.1","30,717.9","26,686.1","25,994.1","26,337.9","24,989.5","27,202.1","26,441.1","26,524.7","25,223.7","24,865.3","24,117.4","24,622.9","23,816.0","24,221.3","24,016.9","23,485.4","23,057.2","22,917.2","22,522.8","23,309.0","21,392.5","22,307.6","22,478.0","21,225.6","19,969.6","18,832.5","19,704.2","19,646.1","21,934.1","24,628.8","25,740.2","24,616.9","21,560.5","19,429.6","18,636.6","17,921.8","17,460.7","16,751.9","15,988.8","15,322.2","14,559.1","13,022.7","12,442.1","12,312.1","11,882.8","9,503.5","9,077.9","8,491.9","8,506.7","7,483.1","7,491.8","7,496.0","7,089.6","6,717.2","6,605.6","6,801.9","6,937.9","7,190.6","7,065.7","6,725.1","6,451.6","6,359.3","6,310.2","6,025.9","5,731.4","4,082.3","3,983.3","3,926.7","3,815.3","3,593.3","3,547.1","3,382.4","3,081.7","3,998.0","3,884.1","3,824.4","3,735.3","3,931.9","3,923.4","3,647.6","3,413.0","3,279.1","3,307.6","3,146.8","2,975.3","3,194.8","3,416.4","3,556.5","2,718.7","4,478.4","2,808.6","1,862.9","1,871.2","2,236.7","2,669.8","3,191.4","3,809.5","2,414.2","2,494.7","2,199.0","3,041.5","1,715.1","1,914.9","2,194.0","2,057.5","1,817.4","1,781.3","1,782.8","1,791.1","1,580.0","1,541.6","1,537.3","1,547.5","1,045.6","1,007.1","1,032.4",995.2
    Secondary Income Balance,"-2,411.4","-2,353.8","-2,268.3","-2,214.3","-2,601.6","-2,707.5","-2,375.6","-3,072.3","-2,817.0","-2,353.6","-2,255.4","-2,492.9","-2,404.4","-2,064.1","-2,090.7","-1,856.4","-1,872.7","-1,915.5","-1,733.7","-2,518.3","-2,437.6","-2,599.1","-2,451.4","-1,945.6","-1,906.6","-1,888.4","-1,803.1","-2,121.7","-2,039.4","-1,979.8","-1,881.6","-2,032.0","-2,021.3","-1,938.6","-1,784.1","-2,062.2","-2,056.4","-1,780.7","-1,978.4","-1,821.2","-1,700.7","-1,556.2","-1,605.6","-1,979.5","-1,903.6","-1,833.0","-1,799.7","-1,402.7","-1,313.1","-1,317.6","-1,380.2","-1,315.4","-1,436.0","-1,275.3","-1,175.2","-1,196.9","-1,093.3",-926.2,-864.4,-729.1,-643.0,-600.7,-639.7,-527.0,-548.1,-451.7,-537.4,-500.1,-494.4,-459.7,-528.6,-385.6,-383.3,-430.7,-491.2,-634.9,-629.1,-631.7,-687.8,-543.0,-604.5,-572.6,-523.7,-218.7,-254.9,-217.5,-392.9,-349.1,-302.6,-355.3,-359.0,-482.0,-426.8,-397.8,-385.6,-450.1,-465.5,-385.2,-362.5,-374.8,-374.4,-331.2,-317.2,-333.3,-330.1,-296.1,-296.4,-303.6,-298.6,-275.2,-264.1,-263.7,-249.6,-233.1,-229.3,-181.3,-223.0,-210.8,-209.1,-205.1,-194.1,-187.2,-178.6,-182.2,-175.7,-167.4,-156.8,-159.8,-149.5,-137.1,-127.8,-126.9,-118.3,-114.6,-102.6,-95.9,-95.5,-92.6,-92.5,-91.4,-91.0,-89.6,-86.1
      Secondary Income Receipts,"7,195.2","6,908.1","6,411.1","6,298.1","6,547.4","6,694.2","6,719.6","6,278.5","6,510.7","6,681.5","6,611.4","5,549.8","5,984.6","5,758.7","5,738.6","3,743.1","3,741.3","3,430.9","3,297.0","3,499.6","3,932.3","3,448.8","3,847.2","3,411.7","3,363.9","3,299.7","3,473.8","2,840.8","3,110.5","3,143.4","3,336.4","2,871.9","3,024.2","3,068.6","3,584.0","2,281.0","2,582.2","2,818.5","2,951.1","2,049.8","2,392.4","2,345.2","2,480.6","1,635.1","1,785.5","1,952.4","1,801.5","1,741.5","1,623.2","1,524.8","1,425.8","1,246.9","1,326.2","1,562.2","1,587.2","1,349.0","1,276.2","1,286.1","1,384.5","1,176.5","1,112.3","1,317.2","1,141.7","1,312.2","1,021.6","1,494.4","1,399.6","1,239.5","1,190.1","1,415.9","1,271.2","1,217.4","1,401.9","1,088.4","1,006.6","1,309.7",900.0,915.0,813.3,"1,031.4",804.6,"1,046.2",599.0,888.9,919.2,876.8,307.5,604.8,649.6,589.9,465.1,409.4,529.2,520.4,557.9,436.4,509.1,444.9,385.6,402.7,294.2,436.6,330.1,307.7,326.3,303.4,248.8,na,na,na,na,na,na,na,na,na,na,na,na,na,na,na,na,na,na,na,na,na,na,na,na,na,na,na,na,na,na,na,na,na,na,na,na
      Secondary Income Payments,"9,606.6","9,261.9","8,679.4","8,512.4","9,149.0","9,401.7","9,095.2","9,350.8","9,327.7","9,035.1","8,866.8","8,042.7","8,389.0","7,822.8","7,829.3","5,599.5","5,614.0","5,346.4","5,030.7","6,017.9","6,369.9","6,047.9","6,298.6","5,357.3","5,270.5","5,188.1","5,276.9","4,962.5","5,149.9","5,123.2","5,218.0","4,903.9","5,045.5","5,007.2","5,368.1","4,343.2","4,638.6","4,599.2","4,929.5","3,871.0","4,093.1","3,901.4","4,086.2","3,614.6","3,689.1","3,785.4","3,601.2","3,144.2","2,936.3","2,842.4","2,806.0","2,562.3","2,762.2","2,837.5","2,762.4","2,545.9","2,369.5","2,212.3","2,248.9","1,905.6","1,755.3","1,917.9","1,781.4","1,839.2","1,569.7","1,946.1","1,937.0","1,739.6","1,684.5","1,875.6","1,799.8","1,603.0","1,785.2","1,519.1","1,497.8","1,944.6","1,529.1","1,546.7","1,501.1","1,574.4","1,409.1","1,618.8","1,122.7","1,107.6","1,174.1","1,094.3",700.4,953.9,952.2,945.2,824.1,891.4,956.0,918.2,943.5,886.5,974.6,830.1,748.1,777.5,668.6,767.8,647.3,641.0,656.4,599.5,545.2,na,na,na,na,na,na,na,na,na,na,na,na,na,na,na,na,na,na,na,na,na,na,na,na,na,na,na,na,na,na,na,na,na,na,na,na
  B  Capital & Financial Account Balance,-552.5,"6,264.2","-8,566.8","-16,248.2","7,402.1","-24,268.4","13,262.6","14,549.5","15,841.2","50,498.8","3,381.0","22,711.9","17,496.9","10,826.6","10,209.8","14,233.7","12,691.7","16,607.9","3,754.4","20,502.7","18,333.8","15,914.2","23,866.3","19,266.6","19,863.9","12,554.3","20,369.9","20,252.9","18,466.2","9,877.5","11,322.8","9,433.3","15,350.1","13,019.5","2,381.6","1,393.7","8,367.5","11,322.0","9,322.7","18,032.5","11,390.6","13,716.3","13,529.0","5,207.1","17,109.9","4,960.4","-3,708.1",-430.0,"4,284.5","12,054.1","17,358.6","1,414.4","12,395.0","5,869.0","-1,010.1",228.2,"14,344.9","9,120.2","19,133.0","5,467.5","9,317.3","7,658.6","4,342.2","9,412.5","11,902.8","1,030.5","3,620.3","2,054.3","8,311.8","8,551.8","-5,143.1","6,751.9","4,541.3","6,779.7","6,820.6","7,253.2","6,427.8","3,116.9","3,009.6","1,001.9","8,337.2","12,481.0","1,623.0",-195.2,"3,731.4",734.8,"5,720.3","4,019.2","7,072.5","4,016.3","7,951.0","5,252.3","6,542.2","7,038.4","6,497.8","3,635.0","3,378.2","4,009.8",494.0,"3,262.6","5,330.3","1,136.4","4,589.7","4,843.2","2,755.5","-2,461.8","2,771.5","7,726.2","4,100.3","2,123.3",206.0,"1,097.0",601.1,864.7,"-2,819.6",-651.9,"-1,835.9",-306.5,-144.2,-833.5,429.9,"1,094.5","-3,120.8","-2,093.8",-305.2,"-3,100.2",-510.6,-37.5,-835.3,"-1,493.5",-701.8,"1,689.1","1,701.8",872.0,"-1,147.6","1,515.6",833.9,-353.5,479.1,"2,265.0",-562.2,"1,804.9","-1,638.0"
    Financial Account (Net),-552.5,"6,264.2","-8,566.8","-16,248.2","7,402.1","-24,268.4","13,262.6","14,549.5","15,841.2","50,498.8","3,381.0","22,711.9","17,496.9","10,826.6","10,209.8","14,233.7","12,691.7","16,607.9","3,754.4","20,502.7","18,333.8","15,914.2","23,866.3","19,266.6","19,863.9","12,554.3","20,369.9","20,252.9","18,466.2","9,877.5","11,322.8","9,433.3","15,350.1","13,019.5","2,381.6","1,393.7","8,367.5","11,322.0","9,322.7","18,032.5","11,390.6","13,716.3","13,529.0","5,207.1","17,109.9","4,960.4","-3,708.1",-430.0,"4,284.5","12,054.1","17,358.6","1,414.4","12,395.0","5,869.0","-1,010.1",228.2,"14,344.9","9,120.2","19,133.0","5,467.5","9,317.3","7,658.6","4,342.2","9,412.5","11,902.8","1,030.5","3,620.3","2,054.3","8,311.8","8,551.8","-5,143.1","6,751.9","4,541.3","6,779.7","6,820.6","7,253.2","6,427.8","3,116.9","3,009.6","1,001.9","8,337.2","12,481.0","1,623.0",-195.2,"3,731.4",734.8,"5,720.3","4,019.2","7,072.5","4,016.3","7,951.0","5,252.3","6,542.2","7,038.4","6,497.8","3,635.0","3,378.2","4,009.8",494.0,"3,262.6","5,330.3","1,136.4","4,589.7","4,843.2","2,755.5","-2,461.8","2,771.5","7,726.2","4,100.3","2,123.3",206.0,"1,097.0",601.1,864.7,"-2,819.6",-651.9,"-1,835.9",-306.5,-144.2,-833.5,429.9,"1,094.5","-3,120.8","-2,093.8",-305.2,"-3,100.2",-510.6,-37.5,-835.3,"-1,493.5",-701.8,"1,689.1","1,701.8",872.0,"-1,147.6","1,515.6",833.9,-353.5,479.1,"2,265.0",-562.2,"1,804.9","-1,638.0"
      Direct Investment,"-23,453.7","-26,452.2","-22,730.7","-19,307.9","-15,809.5","-21,789.4","-19,075.1","-35,012.6","-28,342.0","-23,456.6","-8,490.8","-14,421.5","-26,891.8","-17,763.3","-23,304.8","-21,127.5","-16,410.9","10,536.0","-22,577.6","-10,103.4","-4,774.5","-23,342.4","-2,887.3","-8,566.7","-12,027.3","-5,181.1","-7,978.7","-5,453.0","-1,570.7",-346.8,"-13,182.3","-6,260.1","-2,001.0","-4,192.6","-11,459.5","-13,807.0","-10,603.0","-17,063.6","-2,053.1","-9,266.7","-8,212.6","-2,835.7","-1,388.5","-11,107.8","-7,386.0","-6,176.8","-2,484.0",231.3,"6,283.1","3,912.9","2,086.7","-1,099.0","-1,451.5","-6,134.9",714.2,"-2,408.9",-285.7,"-2,309.8","-4,725.0","-9,972.7","-3,127.2","-9,342.7","-7,852.4","-2,336.6","-2,828.3","-3,380.7","-2,711.6","-4,092.0",-440.7,"-6,287.6","-8,197.6","-7,006.2","-6,938.7","5,450.8","-14,721.7","-1,819.5","2,317.7",588.5,"-7,034.9","-6,332.2","8,167.9","2,024.9","1,868.6","-4,342.1","-4,389.9","-2,112.5","-4,097.0","-3,047.2",-396.3,"-2,177.6","-12,248.8","2,443.0","-4,267.8","-4,057.4","1,970.2","-1,047.8","-6,437.8","2,819.7",-202.5,-140.7,"-1,237.8","-2,672.3","1,190.6","-2,940.0","-1,028.7","-2,152.3",-205.3,"-1,745.3","-1,755.4","-1,581.8",-986.2,"-1,427.1",-830.1,"-1,082.3",-755.6,-313.5,-289.7,-428.4,-413.9,"-2,035.3","-1,818.0","-1,865.9","-1,815.1","-1,550.2","-1,379.6","-2,263.2","-1,225.1",-669.4,"-1,344.7","-1,004.9",-890.1,"-1,845.7","-1,098.7","-3,144.2","-1,029.9","-1,437.1","-1,642.6","-1,388.9","-1,070.2","-1,258.9",-802.3,"-1,036.8",-608.0
        Assets,"14,494.3","13,325.7","16,200.9","11,021.2","11,191.4","13,270.2","9,187.0","16,963.2","16,671.1","16,461.5","18,900.7","6,686.1","7,540.7","8,527.9","6,967.2","14,915.0","26,075.1","28,458.4","20,149.9","20,048.1","12,920.4","8,238.7","11,508.8","13,592.0","13,811.5","20,159.0","14,611.5","16,819.8","17,393.3","16,387.3","15,891.2","13,027.4","20,717.9","11,846.0","11,066.1","8,340.7","5,205.7","4,931.1","7,116.4","8,710.0","9,481.3","10,937.4","10,994.6","11,428.9","12,332.7","12,620.8","11,895.6","12,524.5","13,312.6","11,917.2","8,847.8","3,846.3",-89.5,435.4,"7,076.3","11,924.2","17,989.4","18,216.9","13,483.2","9,793.6","8,451.0","6,921.9","6,712.4","6,255.7","5,165.7","4,604.1","4,866.9","5,784.8","5,612.2","6,134.9","4,675.3","2,919.9","1,265.9","1,009.2","1,295.9","1,101.6",645.1,"1,150.0","2,180.1","4,877.8","15,625.8","8,470.7","7,226.4","4,632.2","2,520.8","2,200.6","2,452.7","3,993.3","3,770.2","3,875.0","2,446.6","2,149.8",655.4,800.7,"2,454.5","3,895.9","5,119.2","5,361.3","4,069.3","5,154.5","2,622.5","1,984.7","3,498.2","2,972.9","2,838.9","2,543.0","2,246.4",na,na,na,na,na,na,na,na,na,na,na,na,na,na,na,na,na,na,na,na,na,na,na,na,na,na,na,na,na,na,na,na,na,na,na,na
        Liabilities,"37,948.0","39,777.9","38,931.6","30,329.1","27,000.9","35,059.6","28,262.1","51,975.8","45,013.1","39,918.1","27,391.5","21,107.6","34,432.5","26,291.2","30,272.0","36,042.5","42,486.0","17,922.4","42,727.5","30,151.5","17,694.9","31,581.1","14,396.1","22,158.7","25,838.8","25,340.1","22,590.2","22,272.8","18,964.0","16,734.1","29,073.5","19,287.5","22,718.9","16,038.6","22,525.6","22,147.7","15,808.7","21,994.7","9,169.5","17,976.7","17,693.9","13,773.1","12,383.1","22,536.7","19,718.7","18,797.6","14,379.6","12,293.2","7,029.5","8,004.3","6,761.1","4,945.3","1,362.0","6,570.3","6,362.1","14,333.1","18,275.1","20,526.7","18,208.2","19,766.3","11,578.2","16,264.6","14,564.8","8,592.3","7,994.0","7,984.8","7,578.5","9,876.8","6,052.9","12,422.5","12,872.9","9,926.1","8,204.6","-4,441.6","16,017.6","2,921.1","-1,672.6",561.5,"9,215.0","11,210.0","7,457.9","6,445.8","5,357.8","8,974.3","6,910.7","4,313.1","6,549.7","7,040.5","4,166.5","6,052.6","14,695.4",-293.2,"4,923.2","4,858.1",484.3,"4,943.7","11,557.0","2,541.6","4,271.8","5,295.2","3,860.3","4,657.0","2,307.6","5,912.9","3,867.6","4,695.3","2,451.7",na,na,na,na,na,na,na,na,na,na,na,na,na,na,na,na,na,na,na,na,na,na,na,na,na,na,na,na,na,na,na,na,na,na,na,na
      Portfolio Investment,"29,759.8","25,146.5","16,074.3","30,595.2","24,179.8","11,189.3","5,064.0","22,012.7","30,641.1","82,372.5","10,190.7","22,420.8","-8,399.2","18,395.0","33,732.5","7,452.9","4,628.9","16,898.3","-1,756.0","10,221.7","-3,683.3","17,651.8","-4,219.9","34,597.1","16,740.2","22,926.0","10,496.8",347.8,669.2,"36,123.4","21,820.7","42,557.7","14,824.0",94.7,"22,651.8","29,541.6","26,415.5","18,998.3","23,631.1","-5,439.3","16,395.5","-7,985.7","9,613.9","10,294.9","19,734.4","-1,013.9","12,539.6","2,689.6","8,343.9","27,948.3",510.6,"-26,653.1","-10,294.6",-18.6,"20,585.9","23,490.8","9,110.5","25,034.2","13,875.6","10,830.7","3,851.5","8,168.7","2,866.2","-3,181.1","-2,379.6",105.8,"6,997.3","-4,833.6","3,966.3","12,436.1","18,525.3","6,644.5","3,321.1","10,492.5","14,361.9","4,099.9","12,070.8","5,700.2","2,881.8","9,001.6","7,234.1","12,786.1","11,616.9","5,807.9","10,152.5","9,516.9","10,821.9","11,082.2","7,870.8","4,575.8","4,673.0","3,242.0","-1,632.1",499.4,"-4,802.9","5,950.6","7,284.8","4,809.1","11,928.3","4,769.7","3,546.8","4,782.6","8,417.8","4,883.0","6,136.0","4,319.0","5,893.9","2,327.6","3,303.6","2,010.4","4,159.7","1,974.5","1,349.2","1,843.7","2,856.5","-1,006.4",-893.1,"-1,090.9","-1,065.4",414.9,379.7,386.2,386.1,473.3,521.9,346.6,538.6,-44.5,-6.6,66.6,131.9,150.2,160.2,123.3,155.9,-94.0,-21.7,-82.7,-332.4,440.1,195.6,188.7,370.8
        Assets,"27,513.9","30,631.9","16,166.0","31,147.4","19,586.1","9,680.3","10,325.1","22,370.8","28,118.2","88,496.1","11,986.9","21,304.5","-3,114.4","14,197.2","14,777.7","17,333.4","11,162.2","23,683.1","4,869.8","11,153.1","11,459.8","19,966.7","-6,767.7","32,051.0","15,549.3","20,023.7","8,563.0","2,844.3",901.0,"37,789.9","20,848.7","40,310.3","16,164.2","-2,838.6","24,101.8","31,412.4","28,388.6","19,035.5","25,302.0","-7,044.1","12,193.2","-8,453.7","8,542.1","10,686.2","23,374.4","2,223.1","14,765.9","3,673.1","9,548.9","29,198.2","-1,207.0","-31,063.4","-16,366.6","-7,128.1","17,458.1","25,419.3","16,609.2","35,382.0","21,941.7","16,264.8","8,421.1","10,837.0","8,848.8",-922.2,"1,737.2",-112.6,"11,418.1","-3,070.9","5,682.1","12,278.8","20,187.3","8,465.6","5,412.5","11,551.7","14,686.1","4,438.0","11,787.3","4,988.1","4,575.8","10,746.0","9,022.9","15,082.4","12,125.4","5,232.6","10,572.6","9,114.8","8,650.9","12,111.3","8,352.7","5,887.7","5,773.8","4,818.5","-1,771.3",-517.2,"-4,112.3","6,058.0","7,158.5","4,860.1","11,697.8","5,117.2","3,742.2","5,262.4","8,610.4","5,631.4","5,668.9","5,263.2","5,176.4",na,na,na,na,na,na,na,na,na,na,na,na,na,na,na,na,na,na,na,na,na,na,na,na,na,na,na,na,na,na,na,na,na,na,na,na
"          Deposit-Taking Corporations, Except The Central Bank","1,060.5","13,348.1","-5,746.4","12,123.2","-2,084.0","-1,489.5","-15,572.1","6,367.3","2,039.6","29,234.7","-4,260.7","7,499.4","-12,526.4","-5,449.0","-4,705.3","8,139.3",-387.4,"13,502.4","1,358.2","1,660.7","10,748.6","9,252.2","-35,971.0","11,701.0","4,368.3","-9,394.2","-4,285.5","-8,608.8","-10,322.4","26,319.6","13,839.0","17,924.0","-2,395.5","-4,327.4","10,413.4","18,949.0","8,010.1","2,744.1","8,422.5","-14,017.4","7,945.7","-11,671.7","3,996.7","1,474.6","9,921.7","-10,081.9","7,958.5","3,089.1","13,885.6","32,872.1",-459.6,"-36,568.0","-16,447.8","-9,529.9","11,789.9","16,115.2","1,592.2","19,867.7","11,879.1","7,888.2","2,520.3","5,591.4","5,314.8","-2,969.9",795.3,"-1,983.3","9,614.5","-4,738.3","4,064.0","9,858.0","16,815.7","3,169.7","-1,655.3","3,262.2","8,441.8","-1,548.8","6,095.9",-729.0,-380.2,"4,990.9","4,599.9","10,180.2","7,464.8",-13.4,"4,631.5","3,706.7","3,468.2","6,023.4","4,462.7",-120.7,"1,821.5","-1,015.5","-6,524.5","-3,725.8","-7,159.8","-1,295.2","1,408.6",451.9,"7,324.2",91.6,-535.4,"1,464.6","3,297.2","1,828.4","3,929.9","2,775.4","3,361.1",na,na,na,na,na,na,na,na,na,na,na,na,na,na,na,na,na,na,na,na,na,na,na,na,na,na,na,na,na,na,na,na,na,na,na,na
          Official,"16,372.6","13,255.0","10,673.8","11,976.9","11,909.4","4,833.3","13,244.9","9,021.2","11,750.4","53,779.2","7,917.9","9,943.5","11,430.5","10,802.9","6,698.4","8,345.0","9,296.5","8,998.3","7,304.1","6,931.8","7,342.5","6,816.9","5,146.1","6,340.3","8,910.4","5,592.6","4,180.6","5,710.4","5,675.7","4,937.9","3,784.5","3,735.1","4,601.2","4,469.2","2,608.0","3,263.1","3,929.7","4,036.5","2,700.6","2,886.9","3,686.3","3,759.7","2,402.9","3,094.2","3,448.7","3,653.8","3,714.2","2,444.9","2,745.6","4,197.7","4,539.9","6,003.1","3,994.9","5,106.8","4,445.9","3,369.1","4,684.8","4,583.5","3,332.9","2,757.3","3,001.9","3,452.9","2,379.4","2,194.0","2,823.8","2,884.2","2,203.0","1,918.5","2,080.2","2,212.3","1,545.1","1,637.9","1,728.7","2,189.5","1,610.9","1,692.5","1,849.5","2,331.0","1,588.2","1,812.8","1,776.5","2,334.2","2,051.5","2,086.7","2,159.4","2,645.9","2,682.6","4,147.4","2,259.7","4,142.6","2,641.4","4,677.1","3,311.5","2,266.2","2,232.6","5,480.0","4,611.9","2,862.1","3,536.9","3,551.8","3,080.7","2,824.0","4,369.3","3,151.4","2,193.0","2,959.6","1,048.7",na,na,na,na,na,na,na,na,na,na,na,na,na,na,na,na,na,na,na,na,na,na,na,na,na,na,na,na,na,na,na,na,na,na,na,na
          Others,"10,080.8","4,028.8","11,238.6","7,047.3","9,760.7","6,336.5","12,652.3","6,982.3","14,328.2","5,482.2","8,329.7","3,861.6","-2,018.5","8,843.3","12,784.6",849.1,"2,253.1","1,182.4","-3,792.5","2,560.6","-6,631.3","3,897.6","24,057.2","14,009.7","2,270.6","23,825.3","8,667.9","5,742.7","5,547.7","6,532.4","3,225.2","18,651.2","13,958.5","-2,980.4","11,080.4","9,200.3","16,448.8","12,254.9","14,178.9","4,086.4",561.2,-541.7,"2,142.5","6,117.4","10,004.0","8,651.2","3,093.2","-1,860.9","-7,082.3","-7,871.6","-5,287.3",-498.5,"-3,913.7","-2,705.0","1,222.3","5,935.0","10,332.2","10,930.8","6,729.7","5,619.3","2,898.9","1,792.7","1,154.6",-146.3,"-1,881.9","-1,013.5",-399.4,-251.1,-462.1,208.5,"1,826.5","3,658.0","5,339.1","6,100.0","4,633.4","4,294.3","3,841.9","3,386.1","3,367.8","3,942.3","2,646.5","2,568.0","2,609.1","3,159.3","3,781.7","2,762.2","2,500.1","1,940.5","1,630.3","1,865.8","1,310.9","1,156.9","1,441.7",942.4,814.9,"1,873.2","1,138.0","1,546.1",836.7,"1,473.8","1,196.9",973.8,943.9,651.6,-454.0,-471.8,766.6,na,na,na,na,na,na,na,na,na,na,na,na,na,na,na,na,na,na,na,na,na,na,na,na,na,na,na,na,na,na,na,na,na,na,na,na
        Liabilities,"-2,245.9","5,485.4",91.7,552.2,"-4,593.7","-1,509.0","5,261.1",358.1,"-2,522.9","6,123.6","1,796.2","-1,116.3","5,284.8","-4,197.8","-18,954.8","9,880.5","6,533.3","6,784.8","6,625.8",931.4,"15,143.1","2,314.9","-2,547.8","-2,546.1","-1,190.9","-2,902.3","-1,933.8","2,496.5",231.8,"1,666.5",-972.0,"-2,247.4","1,340.2","-2,933.3","1,450.0","1,870.8","1,973.1",37.2,"1,670.9","-1,604.8","-4,202.3",-468.0,"-1,071.8",391.3,"3,640.0","3,237.0","2,226.3",983.5,"1,205.0","1,249.9","-1,717.6","-4,410.3","-6,072.0","-7,109.5","-3,127.8","1,928.5","7,498.7","10,347.8","8,066.1","5,434.1","4,569.6","2,668.3","5,982.6","2,258.9","4,116.8",-218.4,"4,420.8","1,762.7","1,715.8",-157.3,"1,662.0","1,821.1","2,091.4","1,059.2",324.2,338.1,-283.5,-712.1,"1,694.0","1,744.4","1,788.8","2,296.3",508.5,-575.3,420.1,-402.1,"-2,171.0","1,029.1",481.9,"1,311.9","1,100.8","1,576.5",-139.2,"-1,016.6",690.6,107.4,-126.3,51.0,-230.5,347.5,195.4,479.8,192.6,748.4,-467.1,944.2,-717.5,na,na,na,na,na,na,na,na,na,na,na,na,na,na,na,na,na,na,na,na,na,na,na,na,na,na,na,na,na,na,na,na,na,na,na,na
"          Deposit-Taking Corporations, Except The Central Bank","-3,456.4","4,216.6","-3,295.2",178.2,"-3,756.1","-1,333.9","-1,117.8",-199.5,"-2,650.6","3,425.4",-321.6,-916.4,767.2,567.4,-216.2,"3,549.9",889.9,"4,148.9","2,106.3","4,325.5",606.6,"4,256.2","4,859.3","-2,268.6",-506.9,"-2,033.3",-653.7,"2,098.7",174.3,"1,819.5","7,355.0",312.2,"4,696.6",632.4,"1,063.4",608.9,"-7,873.8","1,932.2",518.1,"-1,274.9",-516.0,-855.7,-225.5,-347.9,-250.6,-549.0,264.1,-422.0,-145.7,-57.6,-969.8,-629.2,-211.3,"-1,339.8",-757.6,-843.9,"-1,452.8",577.6,-748.4,-16.4,"1,354.3",747.0,"1,182.2",-253.8,352.7,"-1,981.0","2,649.9",-100.3,"1,086.0",119.1,549.3,-179.5,942.1,-90.0,-288.4,335.8,-11.3,-171.2,700.7,-34.7,24.6,949.5,-45.0,-260.0,216.6,-195.2,"-1,283.8",332.1,7.6,68.1,258.0,788.7,-27.2,-583.9,384.2,216.0,154.7,183.8,-162.5,276.7,158.1,437.2,183.9,349.8,-4.1,602.0,-284.0,na,na,na,na,na,na,na,na,na,na,na,na,na,na,na,na,na,na,na,na,na,na,na,na,na,na,na,na,na,na,na,na,na,na,na,na
          Others,"1,210.5","1,268.8","3,386.9",374.0,-837.6,-175.1,"6,378.9",557.6,127.7,"2,698.2","2,117.8",-199.9,"4,517.6","-4,765.2","-18,738.6","6,330.6","5,643.4","2,635.9","4,519.5","-3,394.1","14,536.5","-1,941.3","-7,407.1",-277.5,-684.0,-869.0,"-1,280.1",397.8,57.5,-153.0,"-8,327.0","-2,559.6","-3,356.4","-3,565.7",386.6,"1,261.9","9,846.9","-1,895.0","1,152.8",-329.9,"-3,686.3",387.7,-846.3,739.2,"3,890.6","3,786.0","1,962.2","1,405.5","1,350.7","1,307.5",-747.8,"-3,781.1","-5,860.7","-5,769.7","-2,370.2","2,772.4","8,951.5","9,770.2","8,814.5","5,450.5","3,215.3","1,921.3","4,800.4","2,512.7","3,764.1","1,762.6","1,770.9","1,863.0",629.8,-276.4,"1,112.7","2,000.6","1,149.3","1,149.2",612.6,2.3,-272.2,-540.9,993.3,"1,779.1","1,764.2","1,346.8",553.5,-315.3,203.5,-206.9,-887.2,697.0,474.3,"1,243.8",842.8,787.8,-112.0,-432.7,306.4,-108.6,-281.0,-132.8,-68.0,70.8,37.3,42.6,8.7,398.6,-463.0,342.2,-433.5,na,na,na,na,na,na,na,na,na,na,na,na,na,na,na,na,na,na,na,na,na,na,na,na,na,na,na,na,na,na,na,na,na,na,na,na
      Financial Derivatives,451.3,"4,126.7","2,162.3","5,562.1","5,524.0","3,509.0","4,499.5","2,934.1","2,839.5","4,679.9","2,439.7","8,043.5","8,060.4","6,865.6","5,406.9","13,416.5",671.9,"-4,117.0","1,380.4","3,670.6","6,329.6","6,852.6",-136.2,"4,141.5","-11,821.1","-6,385.5","6,482.4","-2,693.4",-353.7,-162.8,-406.4,"-2,639.4","-6,247.1","-2,642.6","-4,880.2","-3,184.4","-6,155.9","-3,818.9","-8,594.1","3,823.2","6,821.1","6,539.5","4,296.9","-1,315.7","-2,469.3","-1,905.3",697.4,"3,880.9","6,630.5","6,234.4","3,845.8",792.9,"-1,701.2","-2,348.2","-2,304.1",226.6,-488.1,-63.6,"1,290.5","1,865.1","2,780.1","2,918.7","1,639.7",na,na,na,na,na,na,na,na,na,na,na,na,na,na,na,na,na,na,na,na,na,na,na,na,na,na,na,na,na,na,na,na,na,na,na,na,na,na,na,na,na,na,na,na,na,na,na,na,na,na,na,na,na,na,na,na,na,na,na,na,na,na,na,na,na,na,na,na,na,na,na,na,na,na,na,na,na,na,na,na
        Assets,"3,253.2","3,444.5","4,902.6","3,775.2","4,259.0",552.1,"10,322.6","5,059.1","5,081.9","3,581.3","1,280.9","2,484.6","2,764.2","1,826.2",243.6,"6,594.0","-4,095.7","-1,282.3","-2,688.7","1,762.5","1,495.5","3,765.2","2,187.2","1,970.4","-8,542.0","-7,734.6","3,078.5",-215.5,"1,995.6","2,612.6",763.7,"-1,636.9","-5,331.8","-2,282.3","-3,953.0","-11,265.4","-12,720.5","-15,305.0","-11,040.5","8,372.9","13,796.7","12,759.3","9,211.7","3,639.1","1,052.4",469.6,988.1,"-7,990.6","-8,372.3","-8,569.1","-2,998.4","7,810.6","12,263.0","11,900.6","7,223.7","4,354.3",720.4,15.9,"2,328.5","3,295.7","4,320.3","4,622.3","3,269.2",na,na,na,na,na,na,na,na,na,na,na,na,na,na,na,na,na,na,na,na,na,na,na,na,na,na,na,na,na,na,na,na,na,na,na,na,na,na,na,na,na,na,na,na,na,na,na,na,na,na,na,na,na,na,na,na,na,na,na,na,na,na,na,na,na,na,na,na,na,na,na,na,na,na,na,na,na,na,na,na
        Liabilities,"2,801.9",-682.2,"2,740.3","-1,786.9","-1,265.0","-2,956.9","5,823.1","2,125.0","2,242.4","-1,098.6","-1,158.8","-5,558.9","-5,296.2","-5,039.4","-5,163.3","-6,822.5","-4,767.6","2,834.7","-4,069.1","-1,908.1","-4,834.1","-3,087.4","2,323.4","-2,171.1","3,279.1","-1,349.1","-3,403.9","2,477.9","2,349.3","2,775.4","1,170.1","1,002.5",915.3,360.3,927.2,"-8,081.0","-6,564.6","-11,486.1","-2,446.4","4,549.7","6,975.6","6,219.8","4,914.8","4,954.8","3,521.7","2,374.9",290.7,"-11,871.5","-15,002.8","-14,803.5","-6,844.2","7,017.7","13,964.2","14,248.8","9,527.8","4,127.7","1,208.5",79.5,"1,038.0","1,430.6","1,540.2","1,703.6","1,629.5",na,na,na,na,na,na,na,na,na,na,na,na,na,na,na,na,na,na,na,na,na,na,na,na,na,na,na,na,na,na,na,na,na,na,na,na,na,na,na,na,na,na,na,na,na,na,na,na,na,na,na,na,na,na,na,na,na,na,na,na,na,na,na,na,na,na,na,na,na,na,na,na,na,na,na,na,na,na,na,na
      Other Investment,"-7,309.9","3,443.2","-4,072.7","-33,097.6","-6,492.2","-17,177.3","22,774.2","24,615.3","10,702.6","-13,097.0",-758.6,"6,669.1","44,727.5","3,329.3","-5,624.8","14,491.8","23,801.8","-6,709.4","26,707.6","16,713.8","20,462.0","14,752.2","31,109.7","-10,905.3","26,972.1","1,194.9","11,369.4","28,051.5","19,721.4","-25,736.3","3,090.8","-24,224.9","8,774.2","19,760.0","-3,930.5","-11,156.5","-1,289.1","13,206.2","-3,661.2","28,915.3","-3,613.4","17,998.2","1,006.7","7,335.7","7,230.8","14,056.4","-14,461.1","-7,231.8","-16,973.0","-26,041.5","10,915.5","28,373.6","25,842.3","14,370.7","-20,006.1","-21,080.3","6,008.2","-13,540.6","8,691.9","2,744.4","5,812.9","5,913.9","7,688.7","14,930.2","17,110.7","4,305.4",-665.4,"10,979.9","4,786.2","2,403.3","-15,470.8","7,113.6","8,158.9","-9,163.6","7,180.4","4,972.8","-7,960.7","-3,171.8","7,162.7","-1,667.5","-7,064.8","-2,330.0","-11,862.5","-1,661.0","-2,031.2","-6,669.6","-1,004.6","-4,015.8",-402.0,"1,618.1","15,526.8",-432.7,"12,442.1","10,596.4","9,330.5","-1,267.8","2,531.2","-3,619.0","-11,231.8","-1,366.4","3,021.3",-973.9,"-5,018.7","2,900.2","-2,351.8","-4,628.5","-2,917.1","7,143.9","2,552.1","1,694.7","-2,967.5",549.6,82.0,103.3,"-4,920.5",668.0,-653.1,"1,212.8","1,335.1",786.9,"1,868.2","2,574.2","-1,691.8","-1,016.9",552.5,"-1,183.6",175.9,676.4,516.0,-555.2,56.4,"3,384.6","2,640.3","3,892.9",-273.6,"3,046.7","2,498.2","1,118.1","1,881.7","3,083.8",44.5,"2,653.0","-1,400.8"
        Assets,"32,379.2","8,902.2","21,487.6","-14,821.5","-34,313.5","-142,053.8","285,747.4","12,349.1","34,005.0","25,821.9","6,741.0","39,758.1","-33,143.9","73,558.7","69,307.7","32,161.3","50,239.3","-1,052.0","22,155.7","61,632.5","32,267.1","22,764.7","8,056.0","-73,434.8","101,514.6","-44,178.6","52,614.9","59,226.6","33,836.4","3,144.2","-3,018.1","35,311.2","23,529.2","46,591.5","17,040.7","14,099.0","-3,238.3","35,241.6","-24,378.0","-23,177.4","64,770.8","28,866.8","28,417.3","11,838.8","30,092.1","32,705.5","17,857.4","-2,244.9","-36,150.2","-47,463.0","-14,143.7","-44,495.1","77,323.1","-40,736.2","52,286.9","62,442.2","68,946.0","47,364.2","52,207.5","11,207.2","10,418.3","49,625.4","-19,883.5","47,923.7","46,223.8","27,601.9","-13,631.8","33,915.9","5,747.5","6,344.6","34,829.7","19,821.3","-5,101.7","6,002.3","6,373.4","23,489.8","7,518.2","-45,702.0","14,361.4","25,420.5","-16,772.9","-23,918.4","6,737.1","39,940.6","6,869.4","-3,722.1","5,657.1","-3,223.8","1,167.6","-16,758.2","-3,294.1","34,538.9","3,108.0","5,320.3","-81,871.6","58,424.2","45,407.6","31,663.9","23,579.2","11,420.7","18,518.1","11,162.1","-9,318.6","8,444.7","-7,650.0","37,689.1","12,375.2","-8,914.7","-6,450.1","4,727.2","2,421.3","21,413.7","16,550.0","-7,754.2","-4,042.7","2,476.2","21,086.1","-10,652.2","-12,161.1",264.0,"-22,671.7","-39,416.3","-16,385.3","27,062.9","18,745.7","-27,914.6","13,671.1","13,147.1","71,867.2","-8,412.3","15,683.5","7,124.0","34,808.3","5,471.5","12,370.8","12,853.6","22,256.4","13,038.0","17,466.5","33,168.6","31,418.5","18,813.5","18,160.1"
"          Deposit-Taking Corporations, Except The Central Bank","31,832.8","-18,823.1","-10,892.8","-24,273.5","-29,294.6","-111,677.6","285,375.5","-27,711.0","19,832.0","20,366.9","18,200.3","21,140.7","-54,140.6","64,534.5","49,954.2","13,185.6","28,664.8","-21,129.5","-1,538.0","29,044.6",-795.9,"10,582.8","-4,929.7","-68,404.8","90,296.6","-39,735.4","39,943.8","41,990.0","24,832.4","-5,420.8","-11,009.1","26,863.0","17,572.0","29,242.5","7,103.3","-1,079.5","-11,726.8","24,292.0","-27,919.0","-17,111.0","59,653.8","21,305.5","9,630.0","-12,772.9","5,507.9","8,410.4","11,046.5","-28,568.5","-53,681.2","-52,815.2","-13,087.1","-28,571.9","72,112.3","-39,210.5","45,121.9","41,715.9","46,926.5","11,399.6","41,581.2","-6,048.2","9,655.8","41,344.9","-26,611.7","40,743.2","38,775.3","11,457.6","-18,069.9","25,761.8",-650.5,"-2,165.4","25,257.9","15,743.7","-21,801.6","-6,395.2","-2,393.2","19,262.1","4,754.2","-55,015.0","4,996.2","38,493.4","-25,960.0","-24,727.8","11,404.7","39,707.8","-4,604.9","-16,435.9","3,309.3","-6,762.2",852.7,"-23,542.2","-6,418.7","31,680.7","-6,016.4","2,040.6","-78,211.8","59,986.5","33,268.7","26,897.7","25,229.7","8,501.1","14,507.4","8,615.3","-8,841.1","6,091.4","-8,169.4","33,509.3","12,449.8","-10,913.6","-10,027.9","2,083.8",644.7,"17,507.6","13,738.2","-9,823.7","-5,532.8","2,300.1","20,836.2","-11,020.7","-13,371.6",172.4,"-22,851.6","-39,730.1","-17,085.0","27,325.7","18,116.9","-28,078.1","13,308.2","13,350.8","70,722.3","-7,815.9","14,520.3","6,738.1","34,205.1","5,734.0","12,960.6","12,544.7","22,320.3","12,828.0","16,423.8","33,137.3","30,899.2","18,499.9","17,821.5"
          Official,"2,402.8","21,204.2","10,030.8",11.7,65.3,"-23,327.2","19,907.3","25,727.1","12,118.8","14,174.0","11,721.2","19,902.3","8,683.9","15,857.3","15,859.5","17,546.9","20,337.2","13,187.0","17,470.6","18,421.0","27,756.8","11,307.6","2,198.6","2,365.5","4,940.0","3,309.8","4,064.0","9,446.4","8,055.8","3,008.0","1,519.2","4,187.6","11,405.0","13,807.1","7,630.6","8,700.9","5,408.5","3,610.2","1,570.9","3,607.6","7,305.3","4,303.0","18,656.7","5,402.5","10,702.9","2,004.7","1,412.0","12,702.7","7,802.3",2.4,"1,914.6",13.4,46.6,"1,334.4","9,186.6","12,015.7","7,682.6","21,366.9","6,042.1","9,165.3","1,255.1","6,184.8",334.1,37.2,"3,527.9","6,233.1",230.6,"6,108.2",7.8,10.2,"9,269.3","4,907.2","5,212.1","2,510.7","1,470.0",9.2,9.3,31.1,391.9,49.0,74.5,114.6,789.8,975.9,"1,574.8","1,554.7",-39.8,-16.7,-10.1,"1,797.1",-235.9,986.5,853.3,523.3,174.3,401.7,829.2,823.7,843.5,"1,299.3","1,654.8","1,155.3",55.2,14.5,"1,073.1","3,836.3",34.5,"1,015.4","3,110.7","1,722.4",538.5,"2,891.6","2,090.0","1,134.0",412.4,0.0,0.0,0.0,0.0,0.0,0.0,0.0,0.0,0.0,0.0,0.0,0.0,0.0,0.0,0.0,0.0,0.0,0.0,0.0,0.0,0.0,0.0,0.0,0.0,0.0,0.0,0.0,0.0
          Others,"-1,856.4","6,521.1","22,349.6","9,440.3","-5,084.2","-7,049.0","-19,535.4","14,333.0","2,054.2","-8,719.0","-23,180.5","-1,284.9","12,312.8","-6,833.1","3,494.0","1,428.8","1,237.3","6,890.5","6,223.1","14,166.9","5,306.2",874.3,"10,787.1","-7,395.5","6,278.0","-7,753.0","8,607.1","7,790.2",948.2,"5,557.0","6,471.8","4,260.6","-5,447.8","3,541.9","2,306.8","6,477.6","3,080.0","7,339.4","1,970.1","-9,674.0","-2,188.3","3,258.3",130.6,"19,209.2","13,881.3","22,290.4","5,398.9","13,620.9","9,728.7","5,349.8","-2,971.2","-15,936.6","5,164.2","-2,860.1","-2,021.6","8,710.6","14,336.9","14,597.7","4,584.2","8,090.1",-492.6,"2,095.7","6,394.1","7,143.3","3,920.6","9,911.2","4,207.5","2,045.9","6,390.2","8,499.8",302.5,-829.6,"11,487.8","9,886.8","7,296.6","4,218.5","2,754.7","9,281.9","8,973.3","-13,121.9","9,112.6",694.8,"-5,457.4",-743.1,"9,899.5","11,159.1","2,387.6","3,555.1",325.0,"4,986.9","3,360.5","1,871.7","8,271.1","2,756.4","-3,834.1","-1,964.0","11,309.7","3,942.5","-2,494.0","1,620.3","2,355.9","1,391.5",-532.7,"2,338.8",-553.7,343.5,-109.1,983.5,467.1,921.0,"1,238.1","1,014.5",721.8,935.5,"1,077.7",176.1,249.9,368.5,"1,210.5",91.6,179.9,313.8,699.7,-262.8,628.8,163.5,362.9,-203.7,"1,144.9",-596.4,"1,163.2",385.9,603.2,-262.5,-589.8,308.9,-63.9,210.0,"1,042.7",31.3,519.3,313.6,338.6
        Liabilities,"39,689.1","5,459.0","25,560.3","18,276.1","-27,821.3","-124,876.5","262,973.2","-12,266.2","23,302.4","38,918.9","7,499.6","33,089.0","-77,871.4","70,229.4","74,932.5","17,669.5","26,437.5","5,657.4","-4,551.9","44,918.7","11,805.1","8,012.5","-23,053.7","-62,529.5","74,542.5","-45,373.5","41,245.5","31,175.1","14,115.0","28,880.5","-6,108.9","59,536.1","14,755.0","26,831.5","20,971.2","25,255.5","-1,949.2","22,035.4","-20,716.8","-52,092.7","68,384.2","10,868.6","27,410.6","4,503.1","22,861.3","18,649.1","32,318.5","4,986.9","-19,177.2","-21,421.5","-25,059.2","-72,868.7","51,480.8","-55,106.9","72,293.0","83,522.5","62,937.8","60,904.8","43,515.6","8,462.8","4,605.4","43,711.5","-27,572.2","32,993.5","29,113.1","23,296.5","-12,966.4","22,936.0",961.3,"3,941.3","50,300.5","12,707.7","-13,260.6","15,165.9",-807.0,"18,517.0","15,478.9","-42,530.2","7,198.7","27,088.0","-9,708.1","-21,588.4","18,599.6","41,601.6","8,900.6","2,947.5","6,661.7",792.0,"1,569.6","-18,376.3","-18,820.9","34,971.6","-9,334.1","-5,276.1","-91,202.1","59,692.0","42,876.4","35,282.9","34,811.0","12,787.1","15,496.8","12,136.0","-4,299.9","5,544.5","-5,298.2","42,317.6","15,292.3","-16,058.6","-9,002.2","3,032.5","5,388.8","20,864.1","16,468.0","-7,857.5",877.8,"1,808.2","21,739.2","-11,865.0","-13,496.2",-522.9,"-24,539.9","-41,990.5","-14,693.5","28,079.8","18,193.2","-26,731.0","13,495.2","12,470.7","71,351.2","-7,857.1","15,627.1","3,739.4","32,168.0","1,578.6","12,644.4","9,806.9","19,758.2","11,919.9","15,584.8","30,084.8","31,374.0","16,160.5","19,560.9"
"          Deposit-Taking Corporations, Except The Central Bank","16,011.1","-5,053.8","4,787.8","9,760.7","-41,905.6","-115,143.3","221,474.5","-20,999.5","27,667.7","20,468.5",404.0,"22,233.0","-52,164.8","47,705.1","49,378.2","33,533.8","31,625.7","-21,427.4","-9,591.4","37,707.3","-5,196.3","-3,891.5","-14,833.5","-64,510.8","73,658.5","-48,348.4","37,860.5","31,115.8","4,680.5","14,751.9","1,693.5","57,339.2","5,813.1","22,772.4","22,817.4","15,439.5","-5,220.3","25,629.9","-28,650.8","-36,855.3","81,292.2","3,201.1","11,848.2","-8,979.8","6,194.7","12,939.9","24,588.1","-10,243.8","-29,252.5","-23,357.5","-24,760.4","-72,834.2","55,184.9","-52,921.2","68,045.0","72,343.9","57,787.0","49,939.9","33,534.8","4,669.6","8,571.7","49,143.4","-37,611.9","31,823.7","29,647.5","20,889.0","-22,228.3","20,781.6",-697.1,"1,486.2","46,155.0","7,031.2","-8,652.5","4,788.0","-4,704.7","13,244.1","5,965.8","-41,430.0","1,530.5","27,492.0","-3,278.7","-24,159.9","16,764.1","37,580.3","4,652.5","-5,719.8","3,403.0",762.1,"5,456.6","-25,949.6","-24,047.5","32,489.1","-10,346.1","-8,053.0","-92,995.4","60,216.5","39,766.0","32,613.9","31,358.5","13,546.6","16,841.3","9,446.9","-4,819.4","4,664.3","-2,907.5","39,204.8","15,066.2","-15,485.2","-8,584.1","3,703.7","5,983.3","19,247.9","15,404.3","-9,320.8",-198.3,"2,910.5","22,753.2","-11,343.5","-12,833.3",-85.2,"-24,291.7","-41,911.8","-14,586.0","27,631.4","17,859.2","-27,228.0","12,970.6","11,759.8","70,846.5","-7,518.4","15,249.9","3,889.4","32,134.7","2,158.2","14,357.4","10,061.0","20,452.8","12,515.5","15,812.6","29,304.4","31,099.5","16,024.5","19,239.0"
          Others,"23,678.0","10,512.8","20,772.5","8,515.4","14,084.3","-9,733.2","41,498.7","8,733.3","-4,365.3","18,450.4","7,095.6","10,856.0","-25,706.6","22,524.3","25,554.3","-15,864.3","-5,188.2","27,084.8","5,039.5","7,211.4","17,001.4","11,904.0","-8,220.2","1,981.3",884.0,"2,974.9","3,385.0",59.3,"9,434.5","14,128.6","-7,802.4","2,196.9","8,941.9","4,059.1","-1,846.2","9,816.0","3,271.1","-3,594.5","7,934.0","-15,237.4","-12,908.0","7,667.5","15,562.4","13,482.9","16,666.6","5,709.2","7,730.4","15,230.7","10,075.3","1,936.0",-298.8,-34.5,"-3,704.1","-2,185.7","4,248.0","11,178.6","5,150.8","10,964.9","9,980.8","3,793.2","-3,966.3","-5,431.9","10,039.7","1,169.8",-534.4,"2,407.5","9,261.9","2,154.4","1,658.4","2,455.1","4,145.5","5,676.5","-4,608.1","10,377.9","3,897.7","5,272.9","9,513.1","-1,100.2","5,668.2",-404.0,"-6,429.4","2,571.5","1,835.5","4,021.3","4,248.1","8,667.3","3,258.7",29.9,"-3,887.0","7,573.3","5,226.6","2,482.5","1,012.0","2,776.9","1,793.3",-524.5,"3,110.4","2,669.0","3,452.5",-759.5,"-1,344.5","2,689.1",519.5,880.2,"-2,390.7","3,112.8",226.1,-573.4,-418.1,-671.2,-594.5,"1,616.2","1,063.7","1,463.3","1,076.1","-1,102.3","-1,014.0",-521.5,-662.9,-437.7,-248.2,-78.7,-107.5,448.4,334.0,497.0,524.6,710.9,504.7,-338.7,377.2,-150.0,33.3,-579.6,"-1,713.0",-254.1,-694.6,-595.6,-227.8,780.4,274.5,136.0,321.9
  C  Net Errors & Omissions,"1,394.0","1,147.5",-732.2,920.5,"-1,072.6",555.9,572.0,809.9,905.2,-967.8,-763.9,-948.5,"1,092.5",-899.7,781.0,896.4,747.5,750.6,870.9,-509.7,-722.0,691.1,-680.8,"-1,423.9","-1,428.3","-1,393.4","-1,353.5",-50.0,-804.6,"-1,221.2",-999.0,"1,063.6",744.2,776.3,-121.0,-332.5,-714.4,-303.4,-701.1,"1,141.8",-571.4,-330.7,-152.1,229.7,"2,334.8","1,713.5","1,784.3",198.9,950.2,"1,141.9","1,139.3",-914.8,-659.8,"-1,203.3","-1,342.5",-357.8,-805.0,-186.6,-545.9,"-2,716.4","-1,972.3","-2,520.4","-2,520.7",-413.9,"-1,595.0",-443.8,-664.9,413.7,"-1,969.2",400.9,"-2,148.9",-264.2,"-1,811.9",542.8,"-3,140.9",-581.5,519.1,"-1,387.9","-1,107.0","-1,551.7","1,242.4","1,607.1","-2,678.5",708.6,"2,018.6","1,617.6",-848.0,-269.8,"1,023.7","1,841.4","2,623.8","-1,168.7","-2,064.5",340.1,"1,939.0",-720.6,614.8,"-1,476.6","1,808.3","1,961.7",877.9,-468.1,"2,493.5","2,974.2",-431.7,"-1,559.1","-1,433.5","2,933.8","1,145.1",-920.2,"1,093.7","2,770.9","1,375.5","2,968.9","-1,854.8","1,577.6","-2,937.2",782.5,"-1,937.9","-2,524.3",332.0,"1,266.3","-2,660.7","-2,686.9","1,089.4","-1,827.6","1,612.1","-1,287.1","-1,216.5",-639.2,-399.5,"1,970.3",840.8,448.7,-718.9,"2,370.1","1,395.7",-85.2,"1,340.0","2,590.6",-706.7,"1,520.2","-1,058.7"
E  Reserve Assets,"30,068.1","21,668.7","32,229.6","36,791.3","14,253.2","45,276.2","6,995.8","3,530.8","4,141.1","-32,021.5","12,906.8","-3,909.6","6,221.7","7,779.7","6,832.7","5,583.5","11,200.7","4,443.2","16,613.8","-3,926.7","5,434.4","4,757.3","-8,720.3",-354.3,479.4,"2,686.5","-1,310.9",110.5,"3,405.2","4,654.5",447.6,"7,677.7",949.6,"5,385.6","8,718.0","13,542.4","7,849.3","4,842.5","6,371.7",-300.5,"10,087.4","5,465.5","6,235.3","16,476.9","6,271.9","13,686.6","21,045.1","11,981.8","7,020.8","1,031.1","-3,577.5","4,416.7","-2,141.2","4,290.6","11,965.0","12,614.9","6,031.4","9,136.0","1,515.3","9,486.6","4,005.8","5,115.5","8,387.8","4,347.4","1,290.4","9,980.8","4,778.1","8,690.7",818.9,304.3,"10,655.0","2,927.5","5,076.3","2,913.9",856.8,-436.5,932.7,221.6,"1,568.4","3,957.7","-2,230.4","-4,384.8","1,054.2","3,760.9","4,393.9","5,859.5","-2,170.8","2,942.7",-6.0,"4,799.4",-414.9,"2,565.5",865.7,"1,209.5",339.9,"1,188.0","2,903.1","1,679.0","6,085.6","3,075.9","2,719.8","2,823.4","1,787.5","2,211.1","2,258.4","5,719.5","1,984.9","1,174.1","3,217.5","1,159.4","1,750.7","3,744.2","3,262.1","2,888.9","2,258.5","2,145.1","2,354.2","3,685.5","1,774.2","1,991.1","2,497.7","2,276.7",497.3,"1,683.9","3,694.8","2,401.0","2,112.8","1,221.6","1,727.4","1,500.4",884.8,"1,707.5",92.5,486.0,"1,057.6",925.2,671.8,529.8,201.7,460.1,206.6,508.0,33.9
  Special Drawing Rights,"7,145.8",7.4,-2.7,-10.8,2.7,-17.9,66.7,-11.9,6.4,5.6,-8.2,1.1,-6.3,13.8,2.4,-9.7,5.2,14.0,-32.6,26.4,21.3,-13.5,-305.4,-32.9,95.1,1.4,-23.8,25.6,-31.4,-14.1,0.1,17.0,15.5,43.5,-19.4,-0.1,-37.0,-12.3,-42.4,-28.2,76.3,-27.4,-257.8,-63.0,0.2,-55.8,-116.8,0.6,"1,669.9",-12.7,3.4,38.4,5.2,-7.8,4.3,-5.4,8.9,12.1,0.8,0.7,7.3,8.3,-6.0,-5.2,7.4,-1.6,1.8,13.3,6.4,2.2,100.8,14.3,6.1,13.9,12.0,9.7,9.5,8.1,0.4,16.2,2.9,13.0,9.0,8.6,9.8,6.3,8.0,8.8,6.7,5.2,37.0,1.6,20.2,5.4,5.7,14.6,4.9,6.8,0.9,4.4,4.9,4.1,2.9,4.3,3.2,6.6,4.0,3.4,4.7,-85.8,3.6,2.3,3.4,5.1,3.2,-93.7,9.2,8.8,-1.7,5.1,-20.6,-3.6,7.8,8.6,-16.1,7.0,4.0,9.1,-14.9,-9.6,6.2,5.0,-1.5,-0.5,5.2,15.6,-2.6,6.4,9.7,7.4,5.4,13.5,5.1
  Reserves Position In The IMF,-4.7,-28.2,-79.7,221.0,-4.2,279.2,40.2,-17.9,82.2,143.9,-22.8,180.7,-13.0,200.9,-4.8,-196.8,-34.2,7.5,-135.0,22.0,21.2,-21.0,566.9,-25.5,58.9,-7.7,-257.3,-138.1,-46.4,-14.0,-14.1,35.5,56.0,64.7,24.8,-6.9,-10.1,54.5,-2.4,27.5,142.1,-46.4,361.4,76.7,-3.1,-9.4,-18.7,0.3,61.3,61.6,-3.5,116.5,-6.1,20.3,-3.6,-6.8,-2.6,-47.9,-14.3,-39.2,3.2,7.9,-62.9,-216.3,-48.5,-104.3,-52.1,-8.7,15.3,-63.7,-186.7,44.5,-85.3,117.2,54.8,4.9,62.8,76.9,-11.6,84.1,12.0,47.7,13.2,-9.6,-50.1,-100.2,0.1,-65.0,11.2,-14.4,160.4,22.0,50.0,-10.1,0.0,163.1,-10.4,-2.4,-26.7,0.1,1.3,-8.3,-0.5,0.1,-6.3,46.4,11.6,-7.6,0.0,29.7,1.6,15.4,5.8,79.0,-8.6,131.5,-2.3,2.0,-13.8,-5.9,-7.7,-16.1,-0.2,-16.4,-7.9,-0.1,-4.8,4.6,-6.8,-2.3,0.0,-1.0,-6.3,-4.9,0.0,10.4,-7.6,3.7,5.2,3.2,0.4,15.3,5.9
  Foreign Exchange Assets,"22,927.0","21,689.5","32,312.0","36,581.1","14,254.7","45,014.9","6,888.9","3,560.6","4,052.5","-32,171.0","12,937.8","-4,091.4","6,241.0","7,565.0","6,835.1","5,790.0","11,229.7","4,421.7","16,781.4","-3,975.1","5,391.9","4,791.8","-8,981.8",-295.9,325.4,"2,692.8","-1,029.8",223.0,"3,483.0","4,682.6",461.6,"7,625.2",878.1,"5,277.4","8,712.6","13,549.4","7,896.4","4,800.3","6,416.5",-299.8,"9,869.0","5,539.3","6,131.7","16,463.2","6,274.8","13,751.8","21,180.6","11,980.9","5,289.6",982.2,"-3,577.4","4,261.8","-2,140.3","4,278.1","11,964.3","12,627.1","6,025.1","9,171.8","1,528.8","9,525.1","3,995.3","5,099.3","8,456.7","4,568.9","1,331.5","10,086.7","4,828.4","8,686.1",797.2,365.8,"10,740.9","2,868.7","5,155.5","2,782.8",790.0,-451.1,860.4,136.6,"1,579.6","3,857.4","-2,245.3","-4,445.5","1,032.0","3,761.9","4,434.2","5,953.4","-2,178.9","2,998.9",-23.9,"4,808.6",-612.3,"2,541.9",795.5,"1,214.2",334.2,"1,010.3","2,908.6","1,674.6","6,111.4","3,071.4","2,713.6","2,827.6","1,785.1","2,206.7","2,261.5","5,666.5","1,969.3","1,178.3","3,212.8","1,215.5","1,745.5","3,726.5","3,252.9","2,804.8","2,263.9","2,107.3","2,347.3","3,674.7","1,789.7","1,991.9","2,526.0","2,296.4",489.7,"1,691.7","3,718.8","2,394.1","2,113.6","1,207.9","1,749.1","1,512.3",878.6,"1,703.5",100.3,491.4,"1,052.4",899.2,682.0,519.7,186.8,449.5,200.8,479.2,22.9
,,,,,,,,,,,,,,,,,,,,,,,,,,,,,,,,,,,,,,,,,,,,,,,,,,,,,,,,,,,,,,,,,,,,,,,,,,,,,,,,,,,,,,,,,,,,,,,,,,,,,,,,,,,,,,,,,,,,,,,,,,,,,,,,,,,,,,,,,,,,,,,
Footnotes:,,,,,,,,,,,,,,,,,,,,,,,,,,,,,,,,,,,,,,,,,,,,,,,,,,,,,,,,,,,,,,,,,,,,,,,,,,,,,,,,,,,,,,,,,,,,,,,,,,,,,,,,,,,,,,,,,,,,,,,,,,,,,,,,,,,,,,,,,,,,,,,
"For more information on balance of payments methodologies, please visit Singstat website (www.singstat.gov.sg/find-data/search-by-theme/economy/balance-of-payments/publications-and-methodology) to view and download related publications.",,,,,,,,,,,,,,,,,,,,,,,,,,,,,,,,,,,,,,,,,,,,,,,,,,,,,,,,,,,,,,,,,,,,,,,,,,,,,,,,,,,,,,,,,,,,,,,,,,,,,,,,,,,,,,,,,,,,,,,,,,,,,,,,,,,,,,,,,,,,,,,
D  Overall Balance (A-B+C) - B  Capital & Financial Account Balance (Million Dollars):,,,,,,,,,,,,,,,,,,,,,,,,,,,,,,,,,,,,,,,,,,,,,,,,,,,,,,,,,,,,,,,,,,,,,,,,,,,,,,,,,,,,,,,,,,,,,,,,,,,,,,,,,,,,,,,,,,,,,,,,,,,,,,,,,,,,,,,,,,,,,,,
"The capital account is consolidated under the financial account.  Decrease in assets and liabilities, and net inflows in net balances, are indicated by a minus (-) sign.",,,,,,,,,,,,,,,,,,,,,,,,,,,,,,,,,,,,,,,,,,,,,,,,,,,,,,,,,,,,,,,,,,,,,,,,,,,,,,,,,,,,,,,,,,,,,,,,,,,,,,,,,,,,,,,,,,,,,,,,,,,,,,,,,,,,,,,,,,,,,,,
,,,,,,,,,,,,,,,,,,,,,,,,,,,,,,,,,,,,,,,,,,,,,,,,,,,,,,,,,,,,,,,,,,,,,,,,,,,,,,,,,,,,,,,,,,,,,,,,,,,,,,,,,,,,,,,,,,,,,,,,,,,,,,,,,,,,,,,,,,,,,,,
Definitions,,,,,,,,,,,,,,,,,,,,,,,,,,,,,,,,,,,,,,,,,,,,,,,,,,,,,,,,,,,,,,,,,,,,,,,,,,,,,,,,,,,,,,,,,,,,,,,,,,,,,,,,,,,,,,,,,,,,,,,,,,,,,,,,,,,,,,,,,,,,,,,
Balance of Payments:,,,,,,,,,,,,,,,,,,,,,,,,,,,,,,,,,,,,,,,,,,,,,,,,,,,,,,,,,,,,,,,,,,,,,,,,,,,,,,,,,,,,,,,,,,,,,,,,,,,,,,,,,,,,,,,,,,,,,,,,,,,,,,,,,,,,,,,,,,,,,,,
"A statement that summarises the economic transactions between residents of an economy and non-residents. These transactions occur during a specific time period. It consists of the current account, and the capital and financial account. The former covers cross-border transactions in goods and services, as well as income flows and transfers. The latter records capital and financial flows.",,,,,,,,,,,,,,,,,,,,,,,,,,,,,,,,,,,,,,,,,,,,,,,,,,,,,,,,,,,,,,,,,,,,,,,,,,,,,,,,,,,,,,,,,,,,,,,,,,,,,,,,,,,,,,,,,,,,,,,,,,,,,,,,,,,,,,,,,,,,,,,
Current Account:,,,,,,,,,,,,,,,,,,,,,,,,,,,,,,,,,,,,,,,,,,,,,,,,,,,,,,,,,,,,,,,,,,,,,,,,,,,,,,,,,,,,,,,,,,,,,,,,,,,,,,,,,,,,,,,,,,,,,,,,,,,,,,,,,,,,,,,,,,,,,,,
"A set of transactions consisting of exports and imports of goods and services, primary income receipts and payments, as well as net current transfers (secondary income).",,,,,,,,,,,,,,,,,,,,,,,,,,,,,,,,,,,,,,,,,,,,,,,,,,,,,,,,,,,,,,,,,,,,,,,,,,,,,,,,,,,,,,,,,,,,,,,,,,,,,,,,,,,,,,,,,,,,,,,,,,,,,,,,,,,,,,,,,,,,,,,
Current Account Balance:,,,,,,,,,,,,,,,,,,,,,,,,,,,,,,,,,,,,,,,,,,,,,,,,,,,,,,,,,,,,,,,,,,,,,,,,,,,,,,,,,,,,,,,,,,,,,,,,,,,,,,,,,,,,,,,,,,,,,,,,,,,,,,,,,,,,,,,,,,,,,,,
"The balance of cross-border transactions in goods, services, primary income and secondary income. It shows the net change in financial assets arising from real transactions by Singapore residents with non-residents.",,,,,,,,,,,,,,,,,,,,,,,,,,,,,,,,,,,,,,,,,,,,,,,,,,,,,,,,,,,,,,,,,,,,,,,,,,,,,,,,,,,,,,,,,,,,,,,,,,,,,,,,,,,,,,,,,,,,,,,,,,,,,,,,,,,,,,,,,,,,,,,
Exports of Services:,,,,,,,,,,,,,,,,,,,,,,,,,,,,,,,,,,,,,,,,,,,,,,,,,,,,,,,,,,,,,,,,,,,,,,,,,,,,,,,,,,,,,,,,,,,,,,,,,,,,,,,,,,,,,,,,,,,,,,,,,,,,,,,,,,,,,,,,,,,,,,,
The value of cross-border services which are provided by residents to non-residents.,,,,,,,,,,,,,,,,,,,,,,,,,,,,,,,,,,,,,,,,,,,,,,,,,,,,,,,,,,,,,,,,,,,,,,,,,,,,,,,,,,,,,,,,,,,,,,,,,,,,,,,,,,,,,,,,,,,,,,,,,,,,,,,,,,,,,,,,,,,,,,,
Goods Balance:,,,,,,,,,,,,,,,,,,,,,,,,,,,,,,,,,,,,,,,,,,,,,,,,,,,,,,,,,,,,,,,,,,,,,,,,,,,,,,,,,,,,,,,,,,,,,,,,,,,,,,,,,,,,,,,,,,,,,,,,,,,,,,,,,,,,,,,,,,,,,,,
The difference between total exports and total imports of goods on a free-on-board (f.o.b.) basis.,,,,,,,,,,,,,,,,,,,,,,,,,,,,,,,,,,,,,,,,,,,,,,,,,,,,,,,,,,,,,,,,,,,,,,,,,,,,,,,,,,,,,,,,,,,,,,,,,,,,,,,,,,,,,,,,,,,,,,,,,,,,,,,,,,,,,,,,,,,,,,,
Imports of Services:,,,,,,,,,,,,,,,,,,,,,,,,,,,,,,,,,,,,,,,,,,,,,,,,,,,,,,,,,,,,,,,,,,,,,,,,,,,,,,,,,,,,,,,,,,,,,,,,,,,,,,,,,,,,,,,,,,,,,,,,,,,,,,,,,,,,,,,,,,,,,,,
The value of cross-border services which are provided by non-residents to residents.,,,,,,,,,,,,,,,,,,,,,,,,,,,,,,,,,,,,,,,,,,,,,,,,,,,,,,,,,,,,,,,,,,,,,,,,,,,,,,,,,,,,,,,,,,,,,,,,,,,,,,,,,,,,,,,,,,,,,,,,,,,,,,,,,,,,,,,,,,,,,,,
Overall Balance:,,,,,,,,,,,,,,,,,,,,,,,,,,,,,,,,,,,,,,,,,,,,,,,,,,,,,,,,,,,,,,,,,,,,,,,,,,,,,,,,,,,,,,,,,,,,,,,,,,,,,,,,,,,,,,,,,,,,,,,,,,,,,,,,,,,,,,,,,,,,,,,
"The overall balance of the current, capital and financial accounts. It is the balance of all the transactions of Singapore residents and non-residents. These transactions are financed by official reserves.",,,,,,,,,,,,,,,,,,,,,,,,,,,,,,,,,,,,,,,,,,,,,,,,,,,,,,,,,,,,,,,,,,,,,,,,,,,,,,,,,,,,,,,,,,,,,,,,,,,,,,,,,,,,,,,,,,,,,,,,,,,,,,,,,,,,,,,,,,,,,,,
Primary Income Balance:,,,,,,,,,,,,,,,,,,,,,,,,,,,,,,,,,,,,,,,,,,,,,,,,,,,,,,,,,,,,,,,,,,,,,,,,,,,,,,,,,,,,,,,,,,,,,,,,,,,,,,,,,,,,,,,,,,,,,,,,,,,,,,,,,,,,,,,,,,,,,,,
The difference between primary income receivable by Singapore residents from abroad and primary income payable to non-residents from Singapore.,,,,,,,,,,,,,,,,,,,,,,,,,,,,,,,,,,,,,,,,,,,,,,,,,,,,,,,,,,,,,,,,,,,,,,,,,,,,,,,,,,,,,,,,,,,,,,,,,,,,,,,,,,,,,,,,,,,,,,,,,,,,,,,,,,,,,,,,,,,,,,,
Reserve Assets:,,,,,,,,,,,,,,,,,,,,,,,,,,,,,,,,,,,,,,,,,,,,,,,,,,,,,,,,,,,,,,,,,,,,,,,,,,,,,,,,,,,,,,,,,,,,,,,,,,,,,,,,,,,,,,,,,,,,,,,,,,,,,,,,,,,,,,,,,,,,,,,
"Show the changes in Singapores foreign reserves holdings. They consist of Singapores official holdings of monetary gold and foreign exchange assets, as well as Singapores special drawing rights and reserve position in the International Monetary Fund.",,,,,,,,,,,,,,,,,,,,,,,,,,,,,,,,,,,,,,,,,,,,,,,,,,,,,,,,,,,,,,,,,,,,,,,,,,,,,,,,,,,,,,,,,,,,,,,,,,,,,,,,,,,,,,,,,,,,,,,,,,,,,,,,,,,,,,,,,,,,,,,
Secondary Income Balance:,,,,,,,,,,,,,,,,,,,,,,,,,,,,,,,,,,,,,,,,,,,,,,,,,,,,,,,,,,,,,,,,,,,,,,,,,,,,,,,,,,,,,,,,,,,,,,,,,,,,,,,,,,,,,,,,,,,,,,,,,,,,,,,,,,,,,,,,,,,,,,,
The difference between current transfers received by Singapore residents from abroad and current transfers received by non-residents from Singapore.,,,,,,,,,,,,,,,,,,,,,,,,,,,,,,,,,,,,,,,,,,,,,,,,,,,,,,,,,,,,,,,,,,,,,,,,,,,,,,,,,,,,,,,,,,,,,,,,,,,,,,,,,,,,,,,,,,,,,,,,,,,,,,,,,,,,,,,,,,,,,,,
Services Balance:,,,,,,,,,,,,,,,,,,,,,,,,,,,,,,,,,,,,,,,,,,,,,,,,,,,,,,,,,,,,,,,,,,,,,,,,,,,,,,,,,,,,,,,,,,,,,,,,,,,,,,,,,,,,,,,,,,,,,,,,,,,,,,,,,,,,,,,,,,,,,,,
The difference between total exports and total imports of services.,,,,,,,,,,,,,,,,,,,,,,,,,,,,,,,,,,,,,,,,,,,,,,,,,,,,,,,,,,,,,,,,,,,,,,,,,,,,,,,,,,,,,,,,,,,,,,,,,,,,,,,,,,,,,,,,,,,,,,,,,,,,,,,,,,,,,,,,,,,,,,,
,,,,,,,,,,,,,,,,,,,,,,,,,,,,,,,,,,,,,,,,,,,,,,,,,,,,,,,,,,,,,,,,,,,,,,,,,,,,,,,,,,,,,,,,,,,,,,,,,,,,,,,,,,,,,,,,,,,,,,,,,,,,,,,,,,,,,,,,,,,,,,,
Notation:,,,,,,,,,,,,,,,,,,,,,,,,,,,,,,,,,,,,,,,,,,,,,,,,,,,,,,,,,,,,,,,,,,,,,,,,,,,,,,,,,,,,,,,,,,,,,,,,,,,,,,,,,,,,,,,,,,,,,,,,,,,,,,,,,,,,,,,,,,,,,,,
na  not available or not applicablenec  not elsewhere classifiednes  not elsewhere specified-    nil or negligible or not significant,,,,,,,,,,,,,,,,,,,,,,,,,,,,,,,,,,,,,,,,,,,,,,,,,,,,,,,,,,,,,,,,,,,,,,,,,,,,,,,,,,,,,,,,,,,,,,,,,,,,,,,,,,,,,,,,,,,,,,,,,,,,,,,,,,,,,,,,,,,,,,,
"NotesNumbers may not add up to the totals due to rounding.Data are the latest available at the time of access or download. Some statistics, particularly those for the most recent time periods, are provisional and may be subject to revision at a later date.",,,,,,,,,,,,,,,,,,,,,,,,,,,,,,,,,,,,,,,,,,,,,,,,,,,,,,,,,,,,,,,,,,,,,,,,,,,,,,,,,,,,,,,,,,,,,,,,,,,,,,,,,,,,,,,,,,,,,,,,,,,,,,,,,,,,,,,,,,,,,,,
Values are shown in Singapore dollars (unless otherwise specified),,,,,,,,,,,,,,,,,,,,,,,,,,,,,,,,,,,,,,,,,,,,,,,,,,,,,,,,,,,,,,,,,,,,,,,,,,,,,,,,,,,,,,,,,,,,,,,,,,,,,,,,,,,,,,,,,,,,,,,,,,,,,,,,,,,,,,,,,,,,,,,
,,,,,,,,,,,,,,,,,,,,,,,,,,,,,,,,,,,,,,,,,,,,,,,,,,,,,,,,,,,,,,,,,,,,,,,,,,,,,,,,,,,,,,,,,,,,,,,,,,,,,,,,,,,,,,,,,,,,,,,,,,,,,,,,,,,,,,,,,,,,,,,
Generated by: SingStat Table Builder,,,,,,,,,,,,,,,,,,,,,,,,,,,,,,,,,,,,,,,,,,,,,,,,,,,,,,,,,,,,,,,,,,,,,,,,,,,,,,,,,,,,,,,,,,,,,,,,,,,,,,,,,,,,,,,,,,,,,,,,,,,,,,,,,,,,,,,,,,,,,,,
Date generated: 30/11/2021,,,,,,,,,,,,,,,,,,,,,,,,,,,,,,,,,,,,,,,,,,,,,,,,,,,,,,,,,,,,,,,,,,,,,,,,,,,,,,,,,,,,,,,,,,,,,,,,,,,,,,,,,,,,,,,,,,,,,,,,,,,,,,,,,,,,,,,,,,,,,,,
Contact: info@singstat.gov.sg,,,,,,,,,,,,,,,,,,,,,,,,,,,,,,,,,,,,,,,,,,,,,,,,,,,,,,,,,,,,,,,,,,,,,,,,,,,,,,,,,,,,,,,,,,,,,,,,,,,,,,,,,,,,,,,,,,,,,,,,,,,,,,,,,,,,,,,,,,,,,,,